<?xml version="1.0" encoding="UTF-8" standalone="no"?>
<Entities>
    <ExtensionPackages>
        <ExtensionPackage dependsOn="" description="" minimumThingWorxVersion="7.2.1" name="PDF_FOP_extension" packageVersion="1.0.35" vendor="">
            <JarResources>
                <FileResource description="" file="PDF_FOP_extension.jar" type="JAR"/>
                <FileResource description="" file="fop.jar" type="JAR"/>
                <FileResource description="" file="avalon-framework-api-4.3.1.jar" type="JAR"/>            
                <FileResource description="" file="avalon-framework-impl-4.3.1.jar" type="JAR"/>
                <FileResource description="" file="batik-all-1.9.jar" type="JAR"/>            
                <FileResource description="" file="fontbox-2.0.4.jar" type="JAR"/>
                <FileResource description="" file="serializer-2.7.2.jar" type="JAR"/>
                <FileResource description="" file="xalan-2.7.2.jar" type="JAR"/>
                <FileResource description="" file="xercesImpl-2.9.1.jar" type="JAR"/>
                <FileResource description="" file="xml-apis-ext-1.3.04.jar" type="JAR"/>
                <FileResource description="" file="xmlgraphics-commons-2.2.jar" type="JAR"/>
            </JarResources>
        </ExtensionPackage>
    </ExtensionPackages>
    <Resources>
        <Resource aspect.isCreatable="false" aspect.isEditableExtensionObject="false" className="ptc.PDF_FOP_Export" description="" name="PDF.FOP.Export"/>
    </Resources>
</Entities>
