<?xml version="1.0" encoding="UTF-8"?>
<Entities
 majorVersion="9"
 minorVersion="3"
 universal="password">
    <ThingTemplates>
        <ThingTemplate
         baseThingTemplate="GenericThing"
         description=""
         documentationContent=""
         effectiveThingPackage="ConfiguredThing"
         homeMashup=""
         inheritedValueStream=""
         name="KBWindchillRestConnectorThingTemplate"
         projectName="KBsmartKPI"
         tags=""
         thingPackage=""
         valueStream="">
            <avatar></avatar>
            <DesignTimePermissions>
                <Create></Create>
                <Read></Read>
                <Update></Update>
                <Delete></Delete>
                <Metadata></Metadata>
            </DesignTimePermissions>
            <RunTimePermissions>
                <Permissions
                 resourceName="*">
                    <PropertyRead>
                        <Principal
                         isPermitted="true"
                         name="KBManualPartDataAdminUserGroup_V1"
                         type="Group"></Principal>
                    </PropertyRead>
                    <PropertyWrite>
                        <Principal
                         isPermitted="true"
                         name="KBManualPartDataAdminUserGroup_V1"
                         type="Group"></Principal>
                    </PropertyWrite>
                    <ServiceInvoke>
                        <Principal
                         isPermitted="true"
                         name="KBManualPartDataAdminUserGroup_V1"
                         type="Group"></Principal>
                    </ServiceInvoke>
                    <EventInvoke>
                        <Principal
                         isPermitted="true"
                         name="KBManualPartDataAdminUserGroup_V1"
                         type="Group"></Principal>
                    </EventInvoke>
                    <EventSubscribe>
                        <Principal
                         isPermitted="true"
                         name="KBManualPartDataAdminUserGroup_V1"
                         type="Group"></Principal>
                    </EventSubscribe>
                </Permissions>
            </RunTimePermissions>
            <VisibilityPermissions>
                <Visibility>
                    <Principal
                     isPermitted="true"
                     name="KBBackGroundWorker"
                     type="Organization"></Principal>
                    <Principal
                     isPermitted="true"
                     name="KBOrganization"
                     type="Organization"></Principal>
                </Visibility>
            </VisibilityPermissions>
            <ConfigurationTableDefinitions></ConfigurationTableDefinitions>
            <ConfigurationTables></ConfigurationTables>
            <PropertyBindings></PropertyBindings>
            <RemotePropertyBindings></RemotePropertyBindings>
            <RemoteServiceBindings></RemoteServiceBindings>
            <RemoteEventBindings></RemoteEventBindings>
            <AlertConfigurations>
                <AlertDefinitions
                 name="Logger"></AlertDefinitions>
                <AlertDefinitions
                 name="Password"></AlertDefinitions>
                <AlertDefinitions
                 name="URL"></AlertDefinitions>
                <AlertDefinitions
                 name="User"></AlertDefinitions>
            </AlertConfigurations>
            <ThingShape>
                <PropertyDefinitions>
                    <PropertyDefinition
                     aspect.cacheTime="0.0"
                     aspect.dataChangeType="VALUE"
                     aspect.defaultValue="true"
                     aspect.isPersistent="true"
                     baseType="BOOLEAN"
                     category=""
                     description=""
                     isLocalOnly="false"
                     name="Logger"
                     ordinal="2"></PropertyDefinition>
                    <PropertyDefinition
                     aspect.cacheTime="0.0"
                     aspect.dataChangeType="VALUE"
                     aspect.isIndexed="false"
                     aspect.isPersistent="false"
                     baseType="PASSWORD"
                     category=""
                     description=""
                     isLocalOnly="false"
                     name="Password"
                     ordinal="4"></PropertyDefinition>
                    <PropertyDefinition
                     aspect.cacheTime="0.0"
                     aspect.dataChangeType="VALUE"
                     aspect.defaultValue="https://windchill01.corp.knorr-bremse.com/Windchill/"
                     aspect.isPersistent="true"
                     baseType="STRING"
                     category=""
                     description=""
                     isLocalOnly="false"
                     name="URL"
                     ordinal="5"></PropertyDefinition>
                    <PropertyDefinition
                     aspect.cacheTime="0.0"
                     aspect.dataChangeType="VALUE"
                     aspect.defaultValue="StockLevelReport_WT_TW_integration"
                     aspect.isPersistent="true"
                     baseType="STRING"
                     category=""
                     description=""
                     isLocalOnly="false"
                     name="User"
                     ordinal="5"></PropertyDefinition>
                </PropertyDefinitions>
                <ServiceDefinitions>
                    <ServiceDefinition
                     aspect.isAsync="false"
                     category="get"
                     description="Queries Windchill endpoint &quot;/servlet/odata/v1/ProdMgmt/Parts&quot; with oid using pure REST (thus no integration runtime needed) and returns a WindchillPartNumberDataShape (Shape needed technically). V1 of Windchill OData REST webservice is used because of better performance (in comparison with newer versions) while providing needed functionality."
                     isAllowOverride="false"
                     isLocalOnly="false"
                     isOpen="false"
                     isPrivate="false"
                     name="getKBAssemblyComponent">
                        <ResultType
                         baseType="JSON"
                         description="Windchill article number"
                         name="result"
                         ordinal="0"></ResultType>
                        <ParameterDefinitions>
                            <FieldDefinition
                             baseType="STRING"
                             description=""
                             name="Number"
                             ordinal="1"></FieldDefinition>
                        </ParameterDefinitions>
                    </ServiceDefinition>
                    <ServiceDefinition
                     aspect.isAsync="false"
                     category="get"
                     description="Queries Windchill endpoint &quot;/servlet/odata/v1/ProdMgmt/Parts&quot; with oid using pure REST (thus no integration runtime needed) and returns a WindchillPartNumberDataShape (Shape needed technically). V1 of Windchill OData REST webservice is used because of better performance (in comparison with newer versions) while providing needed functionality."
                     isAllowOverride="false"
                     isLocalOnly="false"
                     isOpen="false"
                     isPrivate="false"
                     name="getKBAssemblyComponentReferenceDrawing">
                        <ResultType
                         baseType="JSON"
                         description="Windchill article number"
                         name="result"
                         ordinal="0"></ResultType>
                        <ParameterDefinitions>
                            <FieldDefinition
                             baseType="STRING"
                             description=""
                             name="Number"
                             ordinal="1"></FieldDefinition>
                        </ParameterDefinitions>
                    </ServiceDefinition>
                    <ServiceDefinition
                     aspect.isAsync="false"
                     category="get"
                     description="Queries Windchill endpoint &quot;/servlet/odata/v1/ProdMgmt/Parts&quot; with oid using pure REST (thus no integration runtime needed) and returns a WindchillPartNumberDataShape (Shape needed technically). V1 of Windchill OData REST webservice is used because of better performance (in comparison with newer versions) while providing needed functionality."
                     isAllowOverride="false"
                     isLocalOnly="false"
                     isOpen="false"
                     isPrivate="false"
                     name="getNumberFromPartByOid">
                        <ResultType
                         baseType="JSON"
                         description="Windchill article number"
                         name="result"
                         ordinal="0"></ResultType>
                        <ParameterDefinitions>
                            <FieldDefinition
                             baseType="STRING"
                             description=""
                             name="oid"
                             ordinal="1"></FieldDefinition>
                        </ParameterDefinitions>
                    </ServiceDefinition>
                    <ServiceDefinition
                     aspect.isAsync="false"
                     category=""
                     description=""
                     isAllowOverride="false"
                     isLocalOnly="false"
                     isOpen="false"
                     isPrivate="false"
                     name="getOidByPartNumber">
                        <ResultType
                         baseType="JSON"
                         description=""
                         name="result"
                         ordinal="0"></ResultType>
                        <ParameterDefinitions>
                            <FieldDefinition
                             baseType="STRING"
                             description=""
                             name="Number"
                             ordinal="1"></FieldDefinition>
                        </ParameterDefinitions>
                    </ServiceDefinition>
                    <ServiceDefinition
                     aspect.isAsync="false"
                     category="get"
                     description="Queries Windchill endpoint &quot;/servlet/odata/v1/ProdMgmt/Parts&quot; with oid using pure REST (thus no integration runtime needed) and returns a WindchillPartNumberDataShape (Shape needed technically). V1 of Windchill OData REST webservice is used because of better performance (in comparison with newer versions) while providing needed functionality."
                     isAllowOverride="false"
                     isLocalOnly="false"
                     isOpen="false"
                     isPrivate="false"
                     name="getPartDetailsFromOid">
                        <ResultType
                         baseType="JSON"
                         description="Windchill article number"
                         name="result"
                         ordinal="0"></ResultType>
                        <ParameterDefinitions>
                            <FieldDefinition
                             baseType="STRING"
                             description=""
                             name="oid"
                             ordinal="1"></FieldDefinition>
                        </ParameterDefinitions>
                    </ServiceDefinition>
                    <ServiceDefinition
                     aspect.isAsync="false"
                     category="get"
                     description="Queries Windchill endpoint &quot;/servlet/odata/v1/ProdMgmt/Parts&quot; with oid using pure REST (thus no integration runtime needed) and returns a WindchillPartNumberDataShape (Shape needed technically). V1 of Windchill OData REST webservice is used because of better performance (in comparison with newer versions) while providing needed functionality."
                     isAllowOverride="false"
                     isLocalOnly="false"
                     isOpen="false"
                     isPrivate="false"
                     name="getPartsForFirstLevel">
                        <ResultType
                         baseType="JSON"
                         description="Windchill article number"
                         name="result"
                         ordinal="0"></ResultType>
                        <ParameterDefinitions>
                            <FieldDefinition
                             baseType="STRING"
                             description=""
                             name="Number"
                             ordinal="1"></FieldDefinition>
                        </ParameterDefinitions>
                    </ServiceDefinition>
                    <ServiceDefinition
                     aspect.isAsync="false"
                     category=""
                     description=""
                     isAllowOverride="false"
                     isLocalOnly="false"
                     isOpen="false"
                     isPrivate="false"
                     name="GetSupplementaryTextFromWindchill">
                        <ResultType
                         baseType="STRING"
                         description=""
                         name="result"
                         ordinal="0"></ResultType>
                        <ParameterDefinitions>
                            <FieldDefinition
                             baseType="STRING"
                             description=""
                             name="Number"
                             ordinal="1"></FieldDefinition>
                        </ParameterDefinitions>
                    </ServiceDefinition>
                    <ServiceDefinition
                     aspect.isAsync="false"
                     category=""
                     description=""
                     isAllowOverride="false"
                     isLocalOnly="false"
                     isOpen="false"
                     isPrivate="false"
                     name="GetTypeDesignationFromWindchill">
                        <ResultType
                         baseType="STRING"
                         description=""
                         name="result"
                         ordinal="0"></ResultType>
                        <ParameterDefinitions>
                            <FieldDefinition
                             baseType="STRING"
                             description=""
                             name="Number"
                             ordinal="1"></FieldDefinition>
                        </ParameterDefinitions>
                    </ServiceDefinition>
                </ServiceDefinitions>
                <EventDefinitions></EventDefinitions>
                <ServiceMappings></ServiceMappings>
                <ServiceImplementations>
                    <ServiceImplementation
                     description=""
                     handlerName="Script"
                     name="getKBAssemblyComponent">
                        <ConfigurationTables>
                            <ConfigurationTable
                             dataShapeName=""
                             description=""
                             isMultiRow="false"
                             name="Script"
                             ordinal="0">
                                <DataShape>
                                    <FieldDefinitions>
                                        <FieldDefinition
                                         baseType="STRING"
                                         description="code"
                                         name="code"
                                         ordinal="0"></FieldDefinition>
                                    </FieldDefinitions>
                                </DataShape>
                                <Rows>
                                    <Row>
                                        <code>
                                        <![CDATA[
                                        //Service written by Harald Fiedler - PTC Customer Success
                                        if(me.Logger)
                                        	logger.debug(me.name + ' - getKBAssemblyComponent - Service execution started for part number ' + Number);
                                        
                                        // v1 version of ProdMgmt/Parts is used for better performance
                                        //"?$select=Number" is added as a query parameter to only get the Number from Windchill for the given oid
                                        var header = {
                                            "Accept" : "application/json",
                                            "Content-Type": "application/json"
                                        };
                                        
                                        result = Resources["ContentLoaderFunctions"].GetJSON({
                                        	url: me.URL + "/servlet/odata/v5/ProdMgmt/Parts/PTC.ProdMgmt.KBAssemblyComponent?%24filter=Number%20eq%20%27" + Number + "%27&%24count=false",
                                        	password: me.Password,
                                        	username: me.User,
                                        	headers: header /* JSON */,
                                        	ignoreSSLErrors: true /* BOOLEAN */,
                                            timeout: 80
                                        });
                                        
                                        // result = result.Number;
                                        ]]>
                                        </code>
                                    </Row>
                                </Rows>
                            </ConfigurationTable>
                        </ConfigurationTables>
                    </ServiceImplementation>
                    <ServiceImplementation
                     description=""
                     handlerName="Script"
                     name="getKBAssemblyComponentReferenceDrawing">
                        <ConfigurationTables>
                            <ConfigurationTable
                             dataShapeName=""
                             description=""
                             isMultiRow="false"
                             name="Script"
                             ordinal="0">
                                <DataShape>
                                    <FieldDefinitions>
                                        <FieldDefinition
                                         baseType="STRING"
                                         description="code"
                                         name="code"
                                         ordinal="0"></FieldDefinition>
                                    </FieldDefinitions>
                                </DataShape>
                                <Rows>
                                    <Row>
                                        <code>
                                        <![CDATA[
                                        //Service written by Harald Fiedler - PTC Customer Success
                                        if(me.Logger)
                                        	logger.debug(me.name + ' - getKBAssemblyComponent - Service execution started for part number ' + Number);
                                        
                                        // v1 version of ProdMgmt/Parts is used for better performance
                                        //"?$select=Number" is added as a query parameter to only get the Number from Windchill for the given oid
                                        var header = {
                                            "Accept" : "application/json",
                                            "Content-Type": "application/json"
                                        };
                                        
                                        result = Resources["ContentLoaderFunctions"].GetJSON({
                                        	url: me.URL + "/servlet/odata/v5/ProdMgmt/Parts/PTC.ProdMgmt.KBAssemblyComponent?%24filter=Number%20eq%20%27" + Number + "%27&%24count=false&$expand=DescribedBy(%24expand%3DDescribedBy)%2CReferences(%24expand%3DReferences)",
                                        	password: me.Password,
                                        	username: me.User,
                                        	headers: header /* JSON */,
                                        	ignoreSSLErrors: true /* BOOLEAN */,
                                            timeout: 80
                                        });
                                        
                                        // result = result.Number;
                                        ]]>
                                        </code>
                                    </Row>
                                </Rows>
                            </ConfigurationTable>
                        </ConfigurationTables>
                    </ServiceImplementation>
                    <ServiceImplementation
                     description=""
                     handlerName="Script"
                     name="getNumberFromPartByOid">
                        <ConfigurationTables>
                            <ConfigurationTable
                             dataShapeName=""
                             description=""
                             isMultiRow="false"
                             name="Script"
                             ordinal="0">
                                <DataShape>
                                    <FieldDefinitions>
                                        <FieldDefinition
                                         baseType="STRING"
                                         description="code"
                                         name="code"
                                         ordinal="0"></FieldDefinition>
                                    </FieldDefinitions>
                                </DataShape>
                                <Rows>
                                    <Row>
                                        <code>
                                        <![CDATA[
                                        //Service written by Harald Fiedler - PTC Customer Success
                                        if(me.Logger)
                                        	logger.debug(me.name + ' - getNumberFromPartByOid - Service execution started for article with oid ' + oid);
                                        
                                        // v1 version of ProdMgmt/Parts is used for better performance
                                        //"?$select=Number" is added as a query parameter to only get the Number from Windchill for the given oid
                                        var header = {
                                            "Accept" : "application/json",
                                            "Content-Type": "application/json"
                                        };
                                        
                                        result = Resources["ContentLoaderFunctions"].GetJSON({
                                        	url: me.URL + "/servlet/odata/v5/ProdMgmt/Parts('" + oid + "')" + "?$select=Number,Name",
                                        	password: me.Password,
                                        	username: me.User,
                                        	headers: header /* JSON */,
                                        	ignoreSSLErrors: true /* BOOLEAN */,
                                            timeout: 80
                                        });
                                        
                                        // result = result.Number;
                                        ]]>
                                        </code>
                                    </Row>
                                </Rows>
                            </ConfigurationTable>
                        </ConfigurationTables>
                    </ServiceImplementation>
                    <ServiceImplementation
                     description=""
                     handlerName="Script"
                     name="getOidByPartNumber">
                        <ConfigurationTables>
                            <ConfigurationTable
                             dataShapeName=""
                             description=""
                             isMultiRow="false"
                             name="Script"
                             ordinal="0">
                                <DataShape>
                                    <FieldDefinitions>
                                        <FieldDefinition
                                         baseType="STRING"
                                         description="code"
                                         name="code"
                                         ordinal="0"></FieldDefinition>
                                    </FieldDefinitions>
                                </DataShape>
                                <Rows>
                                    <Row>
                                        <code>
                                        <![CDATA[
                                        //https://windchill01.corp.knorr-bremse.com/Windchill/servlet/odata/v5/ProdMgmt/Parts?$select=Name&$filter=Number%20eq%20%27II76269%2F110%27&$count=false
                                        
                                        //Service written by Harald Fiedler - PTC Customer Success
                                        if(me.Logger)
                                        	logger.debug(me.name + ' - getOidByPartNumber - Service execution started for part number ' + Number);
                                        
                                        // v1 version of ProdMgmt/Parts is used for better performance
                                        //"?$select=Number" is added as a query parameter to only get the Number from Windchill for the given oid
                                        var header = {
                                            "Accept" : "application/json",
                                            "Content-Type": "application/json"
                                        };
                                        
                                        result = Resources["ContentLoaderFunctions"].GetJSON({
                                        	url: me.URL + "/servlet/odata/v5/ProdMgmt/Parts?$select=Name&$filter=Number%20eq%20%27" +  Number + "%27&$count=false",
                                        	password: me.Password,
                                        	username: me.User,
                                        	headers: header /* JSON */,
                                        	ignoreSSLErrors: true /* BOOLEAN */,
                                            timeout: 80
                                        });
                                        
                                        // result = result.Number;
                                        ]]>
                                        </code>
                                    </Row>
                                </Rows>
                            </ConfigurationTable>
                        </ConfigurationTables>
                    </ServiceImplementation>
                    <ServiceImplementation
                     description=""
                     handlerName="Script"
                     name="getPartDetailsFromOid">
                        <ConfigurationTables>
                            <ConfigurationTable
                             dataShapeName=""
                             description=""
                             isMultiRow="false"
                             name="Script"
                             ordinal="0">
                                <DataShape>
                                    <FieldDefinitions>
                                        <FieldDefinition
                                         baseType="STRING"
                                         description="code"
                                         name="code"
                                         ordinal="0"></FieldDefinition>
                                    </FieldDefinitions>
                                </DataShape>
                                <Rows>
                                    <Row>
                                        <code>
                                        <![CDATA[
                                        //https://windchill01.corp.knorr-bremse.com/Windchill/servlet/odata/v5/ProdMgmt/Parts('OR%3Awt.part.WTPart%3A23823827769')
                                        //Service written by Harald Fiedler - PTC Customer Success
                                        if(me.Logger)
                                        	logger.debug(me.name + ' - getNumberFromPartByOid - Service execution started for article with oid ' + oid);
                                        
                                        // v1 version of ProdMgmt/Parts is used for better performance
                                        //"?$select=Number" is added as a query parameter to only get the Number from Windchill for the given oid
                                        var header = {
                                            "Accept" : "application/json",
                                            "Content-Type": "application/json"
                                        };
                                        
                                        result = Resources["ContentLoaderFunctions"].GetJSON({
                                        	url: me.URL + "/servlet/odata/v5/ProdMgmt/Parts('" + oid + "')",
                                        	password: me.Password,
                                        	username: me.User,
                                        	headers: header /* JSON */,
                                        	ignoreSSLErrors: true /* BOOLEAN */,
                                            timeout: 80
                                        });
                                        
                                        // result = result.Number;
                                        ]]>
                                        </code>
                                    </Row>
                                </Rows>
                            </ConfigurationTable>
                        </ConfigurationTables>
                    </ServiceImplementation>
                    <ServiceImplementation
                     description=""
                     handlerName="Script"
                     name="getPartsForFirstLevel">
                        <ConfigurationTables>
                            <ConfigurationTable
                             dataShapeName=""
                             description=""
                             isMultiRow="false"
                             name="Script"
                             ordinal="0">
                                <DataShape>
                                    <FieldDefinitions>
                                        <FieldDefinition
                                         baseType="STRING"
                                         description="code"
                                         name="code"
                                         ordinal="0"></FieldDefinition>
                                    </FieldDefinitions>
                                </DataShape>
                                <Rows>
                                    <Row>
                                        <code>
                                        <![CDATA[
                                        //Service written by Harald Fiedler - PTC Customer Success
                                        if (me.Logger)
                                        	logger.debug(me.name + ' - getKBAssemblyComponent - Service execution started for part number ' + Number);
                                        
                                        // v1 version of ProdMgmt/Parts is used for better performance
                                        //"?$select=Number" is added as a query parameter to only get the Number from Windchill for the given oid
                                        me.SetConfigurationTableForWindchillProduction();
                                        var oidJSON;
                                        try {
                                        	oidJSON = me.getOidByPartNumber({
                                        		Number: Number /* STRING */
                                        	});
                                        } catch (err) {
                                        	logger.error('error in GetTypeDesignationFromWindchill service: ' + err);
                                        }
                                        var oidValue;
                                        var result;
                                        for (var i = 0; i < oidJSON.value.length; i++) {
                                        	if (oidJSON.value[i]['@odata.type'] == "#PTC.ProdMgmt.KBAssemblyComponent") {
                                        		oidValue = oidJSON.value[i].ID;
                                        	}
                                        }
                                        var header = {
                                        	"Accept": "application/json",
                                        	"Content-Type": "application/json"
                                        };
                                        result = Resources["ContentLoaderFunctions"].GetJSON({
                                        	url: me.URL + "/servlet/rest/structure/objects/" + oidValue + "/descendants?$select=name%2Cnumber&inline=false&levels=1",
                                        	password: me.Password,
                                        	username: me.User,
                                        	headers: header /* JSON */ ,
                                        	ignoreSSLErrors: true /* BOOLEAN */ ,
                                        	timeout: 80
                                        });
                                        
                                        // result = result.Number;
                                        ]]>
                                        </code>
                                    </Row>
                                </Rows>
                            </ConfigurationTable>
                        </ConfigurationTables>
                    </ServiceImplementation>
                    <ServiceImplementation
                     description=""
                     handlerName="Script"
                     name="GetSupplementaryTextFromWindchill">
                        <ConfigurationTables>
                            <ConfigurationTable
                             dataShapeName=""
                             description=""
                             isMultiRow="false"
                             name="Script"
                             ordinal="0">
                                <DataShape>
                                    <FieldDefinitions>
                                        <FieldDefinition
                                         baseType="STRING"
                                         description="code"
                                         name="code"
                                         ordinal="0"></FieldDefinition>
                                    </FieldDefinitions>
                                </DataShape>
                                <Rows>
                                    <Row>
                                        <code>
                                        <![CDATA[
                                        try {
                                        	me.SetConfigurationTableForWindchillProduction();
                                        	var oidJSON;
                                        	//	try {
                                        	oidJSON = me.getOidByPartNumber({
                                        		Number: Number /* STRING */
                                        	});
                                        	//	} catch (err) {
                                        	//		logger.error('error in GetTypeDesignationFromWindchill service: ' + err);
                                        	//	}
                                        	var oidValue;
                                        	var result;
                                        	if (oidJSON != undefined && oidJSON != '') {
                                        		if (oidJSON.value.length > 0) {
                                        			for (var i = 0; i < oidJSON.value.length; i++) {
                                        				if (oidJSON.value[i]['@odata.type'] == "#PTC.ProdMgmt.KBAssemblyComponent") {
                                        					oidValue = oidJSON.value[i].ID;
                                        				}
                                        			}
                                        		}
                                        	}
                                        	var partDetails;
                                        	//	try {
                                        	partDetails = me.getPartDetailsFromOid({
                                        		oid: oidValue /* STRING */
                                        	});
                                        	//	} catch (e) {
                                        	//		logger.error('error in GetTypeDesignationFromWindchill service: ' + e);
                                        	//	}
                                        	if (partDetails != undefined && partDetails != '') {
                                        		if (partDetails.hasOwnProperty('KBSUPPLTEXT')) {
                                        			result = partDetails.KBSUPPLTEXT;
                                        		} else {
                                        			result = '';
                                        		}
                                        	}
                                        } catch (e) {
                                        	logger.error('error in GetTypeDesignationFromWindchill service of KBKBBWindchillHelperThing: ' + e);
                                        }
                                        ]]>
                                        </code>
                                    </Row>
                                </Rows>
                            </ConfigurationTable>
                        </ConfigurationTables>
                    </ServiceImplementation>
                    <ServiceImplementation
                     description=""
                     handlerName="Script"
                     name="GetTypeDesignationFromWindchill">
                        <ConfigurationTables>
                            <ConfigurationTable
                             dataShapeName=""
                             description=""
                             isMultiRow="false"
                             name="Script"
                             ordinal="0">
                                <DataShape>
                                    <FieldDefinitions>
                                        <FieldDefinition
                                         baseType="STRING"
                                         description="code"
                                         name="code"
                                         ordinal="0"></FieldDefinition>
                                    </FieldDefinitions>
                                </DataShape>
                                <Rows>
                                    <Row>
                                        <code>
                                        <![CDATA[
                                        try {
                                        	me.SetConfigurationTableForWindchillProduction();
                                        	var oidJSON;
                                        	//	try {
                                        	oidJSON = me.getOidByPartNumber({
                                        		Number: Number /* STRING */
                                        	});
                                        	//	} catch (err) {
                                        	//		logger.error('error in GetTypeDesignationFromWindchill service: ' + err);
                                        	//	}
                                        	var oidValue;
                                        	var result;
                                        	if (oidJSON != undefined && oidJSON != '') {
                                        		if (oidJSON.value.length > 0) {
                                        			for (var i = 0; i < oidJSON.value.length; i++) {
                                        				if (oidJSON.value[i]['@odata.type'] == "#PTC.ProdMgmt.KBAssemblyComponent") {
                                        					oidValue = oidJSON.value[i].ID;
                                        				}
                                        			}
                                        		}
                                        	}
                                        	var partDetails;
                                        	//	try {
                                        	partDetails = me.getPartDetailsFromOid({
                                        		oid: oidValue /* STRING */
                                        	});
                                        	//	} catch (e) {
                                        	//		logger.error('error in GetTypeDesignationFromWindchill service: ' + e);
                                        	//	}
                                        	// result: JSON
                                        	if (partDetails != undefined && partDetails != '') {
                                        		if (partDetails.hasOwnProperty('KBTYPEDESIGNATION')) {
                                        			result = partDetails.KBTYPEDESIGNATION;
                                        		} else {
                                        			result = 'issue with Windchill Connection';
                                        		}
                                        	}
                                        } catch (e) {
                                        	logger.error('error in GetTypeDesignationFromWindchill service of KBKBBWindchillHelperThing: ' + e);
                                        }
                                        ]]>
                                        </code>
                                    </Row>
                                </Rows>
                            </ConfigurationTable>
                        </ConfigurationTables>
                    </ServiceImplementation>
                </ServiceImplementations>
                <Subscriptions></Subscriptions>
            </ThingShape>
            <ImplementedShapes></ImplementedShapes>
            <SharedConfigurationTables></SharedConfigurationTables>
            <InstanceDesignTimePermissions>
                <Create></Create>
                <Read></Read>
                <Update></Update>
                <Delete></Delete>
                <Metadata></Metadata>
            </InstanceDesignTimePermissions>
            <InstanceRunTimePermissions>
                <Permissions
                 resourceName="*">
                    <PropertyRead>
                        <Principal
                         isPermitted="true"
                         name="KBManualPartDataAdminUserGroup_V1"
                         type="Group"></Principal>
                    </PropertyRead>
                    <PropertyWrite>
                        <Principal
                         isPermitted="true"
                         name="KBManualPartDataAdminUserGroup_V1"
                         type="Group"></Principal>
                    </PropertyWrite>
                    <ServiceInvoke>
                        <Principal
                         isPermitted="true"
                         name="KBManualPartDataAdminUserGroup_V1"
                         type="Group"></Principal>
                    </ServiceInvoke>
                    <EventInvoke>
                        <Principal
                         isPermitted="true"
                         name="KBManualPartDataAdminUserGroup_V1"
                         type="Group"></Principal>
                    </EventInvoke>
                    <EventSubscribe>
                        <Principal
                         isPermitted="true"
                         name="KBManualPartDataAdminUserGroup_V1"
                         type="Group"></Principal>
                    </EventSubscribe>
                </Permissions>
            </InstanceRunTimePermissions>
            <InstanceVisibilityPermissions>
                <Visibility>
                    <Principal
                     isPermitted="true"
                     name="KBBackGroundWorker"
                     type="Organization"></Principal>
                    <Principal
                     isPermitted="true"
                     name="KBOrganization"
                     type="Organization"></Principal>
                </Visibility>
            </InstanceVisibilityPermissions>
        </ThingTemplate>
    </ThingTemplates>
</Entities>
