<?xml version="1.0" encoding="UTF-8" standalone="no"?>
<Entities build="b2319" majorVersion="8" minorVersion="4"
	modelPersistenceProviderPackage="MssqlPersistenceProviderPackage"
	revision="4" schemaVersion="1041" universal="">
	<StyleDefinitions>
		<StyleDefinition aspect.isThemeObject="true"
			description="Default Style for List Widget Item - Theme: ThingWorx"
			documentationContent="" homeMashup=""
			lastModifiedDate="2021-08-03T14:47:39.627+02:00"
			name="KBLabelPrintListItemStyle" projectName="" tags="">
			<Owner name="adm-flassakm" type="User" />
			<avatar />
			<DesignTimePermissions>
				<Create />
				<Read />
				<Update />
				<Delete />
				<Metadata />
			</DesignTimePermissions>
			<RunTimePermissions />
			<VisibilityPermissions>
				<Visibility />
			</VisibilityPermissions>
			<ConfigurationTableDefinitions />
			<ConfigurationTables />
			<content><![CDATA[{
  "backgroundColor" : "#ffffff",
  "displayString" : "",
  "fontEmphasisBold" : false,
  "fontEmphasisItalic" : false,
  "fontEmphasisUnderline" : false,
  "foregroundColor" : "#333333",
  "image" : "",
  "lineColor" : "",
  "lineStyle" : "solid",
  "lineThickness" : 0,
  "secondaryBackgroundColor" : "",
  "textSize" : "20px"
}]]></content>
		</StyleDefinition>
	</StyleDefinitions>
</Entities>