<?xml version="1.0" encoding="UTF-8"?>
<Entities
 majorVersion="9"
 minorVersion="3"
 universal="password">
    <Things>
        <Thing
         description=""
         documentationContent=""
         effectiveThingPackage="ConfiguredThing"
         enabled="true"
         homeMashup=""
         identifier=""
         inheritedValueStream=""
         name="KBWindchillRestConnectorThing"
         projectName="PTCDefaultProject"
         published="false"
         tags=""
         thingTemplate="KBWindchillRestConnectorThingTemplate"
         valueStream="">
            <avatar></avatar>
            <DesignTimePermissions>
                <Create></Create>
                <Read></Read>
                <Update></Update>
                <Delete></Delete>
                <Metadata></Metadata>
            </DesignTimePermissions>
            <RunTimePermissions>
                <Permissions
                 resourceName="*">
                    <PropertyRead>
                        <Principal
                         isPermitted="true"
                         name="KBManualPartDataAdminUserGroup_V1"
                         type="Group"></Principal>
                    </PropertyRead>
                    <PropertyWrite>
                        <Principal
                         isPermitted="true"
                         name="KBManualPartDataAdminUserGroup_V1"
                         type="Group"></Principal>
                    </PropertyWrite>
                    <ServiceInvoke>
                        <Principal
                         isPermitted="true"
                         name="KBManualPartDataAdminUserGroup_V1"
                         type="Group"></Principal>
                    </ServiceInvoke>
                    <EventInvoke>
                        <Principal
                         isPermitted="true"
                         name="KBManualPartDataAdminUserGroup_V1"
                         type="Group"></Principal>
                    </EventInvoke>
                    <EventSubscribe>
                        <Principal
                         isPermitted="true"
                         name="KBManualPartDataAdminUserGroup_V1"
                         type="Group"></Principal>
                    </EventSubscribe>
                </Permissions>
            </RunTimePermissions>
            <VisibilityPermissions>
                <Visibility>
                    <Principal
                     isPermitted="true"
                     name="KBBackGroundWorker"
                     type="Organization"></Principal>
                    <Principal
                     isPermitted="true"
                     name="KBOrganization"
                     type="Organization"></Principal>
                </Visibility>
            </VisibilityPermissions>
            <ConfigurationTableDefinitions></ConfigurationTableDefinitions>
            <ConfigurationTables></ConfigurationTables>
            <ThingShape>
                <PropertyDefinitions></PropertyDefinitions>
                <ServiceDefinitions>
                    <ServiceDefinition
                     aspect.isAsync="false"
                     category=""
                     description=""
                     isAllowOverride="false"
                     isLocalOnly="false"
                     isOpen="false"
                     isPrivate="false"
                     name="GetSupplementaryTextFromWindchillForPartNumberRemoving_FILLED">
                        <ResultType
                         baseType="STRING"
                         description=""
                         name="result"
                         ordinal="0"></ResultType>
                        <ParameterDefinitions>
                            <FieldDefinition
                             aspect.defaultValue="KP2500517/30"
                             baseType="STRING"
                             description=""
                             name="partNumber"
                             ordinal="1"></FieldDefinition>
                        </ParameterDefinitions>
                    </ServiceDefinition>
                    <ServiceDefinition
                     aspect.isAsync="false"
                     category=""
                     description=""
                     isAllowOverride="false"
                     isLocalOnly="false"
                     isOpen="false"
                     isPrivate="false"
                     name="SetConfigurationTableForWindchillProduction">
                        <ResultType
                         baseType="NOTHING"
                         description=""
                         name="result"
                         ordinal="0"></ResultType>
                        <ParameterDefinitions></ParameterDefinitions>
                    </ServiceDefinition>
                </ServiceDefinitions>
                <EventDefinitions></EventDefinitions>
                <ServiceMappings></ServiceMappings>
                <ServiceImplementations>
                    <ServiceImplementation
                     description=""
                     handlerName="Script"
                     name="GetSupplementaryTextFromWindchillForPartNumberRemoving_FILLED">
                        <ConfigurationTables>
                            <ConfigurationTable
                             dataShapeName=""
                             description=""
                             isMultiRow="false"
                             name="Script"
                             ordinal="0">
                                <DataShape>
                                    <FieldDefinitions>
                                        <FieldDefinition
                                         baseType="STRING"
                                         description="code"
                                         name="code"
                                         ordinal="0"></FieldDefinition>
                                    </FieldDefinitions>
                                </DataShape>
                                <Rows>
                                    <Row>
                                        <code>
                                        <![CDATA[
                                        try {
                                        	me.SetConfigurationTableForWindchillProduction();
                                        	// result: STRING
                                        	var partDetails = me.GetSupplementaryTextFromWindchill({
                                        		Number: partNumber /* STRING */
                                        	});
                                        	var result;
                                        	if (partDetails !== '' && partDetails !== undefined) {
                                        		result = partDetails.split("FILLED,")[1];
                                        	} else {
                                        		result = 'issue with Windchill connection';
                                        	}
                                        } catch (e) {
                                        	logger.error('error in KBWindchillRestConnectorKBBThing service: ' + e);
                                        }
                                        ]]>
                                        </code>
                                    </Row>
                                </Rows>
                            </ConfigurationTable>
                        </ConfigurationTables>
                    </ServiceImplementation>
                    <ServiceImplementation
                     description=""
                     handlerName="Script"
                     name="SetConfigurationTableForWindchillProduction">
                        <ConfigurationTables>
                            <ConfigurationTable
                             dataShapeName=""
                             description=""
                             isMultiRow="false"
                             name="Script"
                             ordinal="0">
                                <DataShape>
                                    <FieldDefinitions>
                                        <FieldDefinition
                                         baseType="STRING"
                                         description="code"
                                         name="code"
                                         ordinal="0"></FieldDefinition>
                                    </FieldDefinitions>
                                </DataShape>
                                <Rows>
                                    <Row>
                                        <code>
                                        <![CDATA[
                                        me.Password = Resources["EncryptionServices"].EncryptPropertyValue({
                                            data: '8QMbRNvE'
                                        });
                                        ]]>
                                        </code>
                                    </Row>
                                </Rows>
                            </ConfigurationTable>
                        </ConfigurationTables>
                    </ServiceImplementation>
                </ServiceImplementations>
                <Subscriptions></Subscriptions>
            </ThingShape>
            <PropertyBindings></PropertyBindings>
            <RemotePropertyBindings></RemotePropertyBindings>
            <RemoteServiceBindings></RemoteServiceBindings>
            <RemoteEventBindings></RemoteEventBindings>
            <AlertConfigurations></AlertConfigurations>
            <ImplementedShapes></ImplementedShapes>
            <ThingProperties>
                <User>
                    <Value>
                    <![CDATA[
                    StockLevelReport_WT_TW_integration
                    ]]>
                    </Value>
                    <Timestamp>1970-01-01T00:00:00.000Z</Timestamp>
                    <Quality>UNKNOWN</Quality>
                </User>
                <Logger>
                    <Value>true</Value>
                    <Timestamp>1970-01-01T00:00:00.000Z</Timestamp>
                    <Quality>UNKNOWN</Quality>
                </Logger>
                <URL>
                    <Value>
                    <![CDATA[
                    https://windchill01.corp.knorr-bremse.com/Windchill/
                    ]]>
                    </Value>
                    <Timestamp>1970-01-01T00:00:00.000Z</Timestamp>
                    <Quality>UNKNOWN</Quality>
                </URL>
            </ThingProperties>
        </Thing>
    </Things>
</Entities>
