<?xml version="1.0" encoding="UTF-8"?>
<Entities build="b2319" majorVersion="8" minorVersion="4"
	modelPersistenceProviderPackage="MssqlPersistenceProviderPackage"
	revision="4" schemaVersion="1041" universal="">
	<ThingTemplates>
		<ThingTemplate baseThingTemplate="FTPServer"
			description="" documentationContent=""
			effectiveThingPackage="FTP_Server" homeMashup=""
			lastModifiedDate="2021-08-25T15:31:05.488+02:00"
			name="KBLabelPrinterThingTemplate" projectName="" tags=""
			thingPackage="" valueStream="">
			<Owner name="adm-flassakm" type="User" />
			<avatar />
			<DesignTimePermissions>
				<Create />
				<Read />
				<Update />
				<Delete />
				<Metadata />
			</DesignTimePermissions>
			<RunTimePermissions>
				<Permissions resourceName="*">
					<PropertyRead>
						<Principal isPermitted="true"
							name="KBLabelPrintUserGroup_V1" type="Group"></Principal>
					</PropertyRead>
					<PropertyWrite>
						<Principal isPermitted="true"
							name="KBLabelPrintUserGroup_V1" type="Group"></Principal>
					</PropertyWrite>
					<ServiceInvoke>
						<Principal isPermitted="true"
							name="KBLabelPrintUserGroup_V1" type="Group"></Principal>
					</ServiceInvoke>
					<EventInvoke>
						<Principal isPermitted="true"
							name="KBLabelPrintUserGroup_V1" type="Group"></Principal>
					</EventInvoke>
					<EventSubscribe></EventSubscribe>
				</Permissions>
			</RunTimePermissions>
			<VisibilityPermissions>
				<Visibility>
					<Principal isPermitted="true" name="KBBackGroundWorker"
						type="Organization"></Principal>
					<Principal isPermitted="true" name="KBOrganization"
						type="Organization"></Principal>
				</Visibility>
			</VisibilityPermissions>
			<ConfigurationTableDefinitions />
			<ConfigurationTables>
				<ConfigurationTable
					description="FTP Server Connection Parameters" isMultiRow="false"
					name="ConnectionInfo" ordinal="0">
					<DataShape>
						<FieldDefinitions>
							<FieldDefinition aspect.defaultValue=""
								aspect.friendlyName="FTP Password" baseType="PASSWORD"
								description="FTP password" name="FTPPass" ordinal="3" />
							<FieldDefinition aspect.defaultValue="21"
								aspect.friendlyName="FTP Server Port" baseType="INTEGER"
								description="FTP server port" name="FTPPort" ordinal="1" />
							<FieldDefinition
								aspect.defaultValue="ftp.domain.com"
								aspect.friendlyName="FTP Server Address" baseType="STRING"
								description="FTP server name" name="FTPServer" ordinal="0" />
							<FieldDefinition aspect.defaultValue=""
								aspect.friendlyName="FTP Username" baseType="STRING"
								description="FTP username" name="FTPUser" ordinal="2" />
						</FieldDefinitions>
					</DataShape>
					<Rows>
					</Rows>
				</ConfigurationTable>
			</ConfigurationTables>
			<PropertyBindings />
			<RemotePropertyBindings />
			<RemoteServiceBindings />
			<RemoteEventBindings />
			<AlertConfigurations />
			<ThingShape>
				<PropertyDefinitions />
				<ServiceDefinitions />
				<EventDefinitions />
				<ServiceMappings />
				<ServiceImplementations />
				<Subscriptions />
			</ThingShape>
			<ImplementedShapes />
			<SharedConfigurationTables />
			<InstanceDesignTimePermissions>
				<Create />
				<Read />
				<Update />
				<Delete />
				<Metadata />
			</InstanceDesignTimePermissions>
			<InstanceRunTimePermissions>
				<Permissions resourceName="*">
					<PropertyRead>
						<Principal isPermitted="true"
							name="KBLabelPrintUserGroup_V1" type="Group"></Principal>
					</PropertyRead>
					<PropertyWrite>
						<Principal isPermitted="true"
							name="KBLabelPrintUserGroup_V1" type="Group"></Principal>
					</PropertyWrite>
					<ServiceInvoke>
						<Principal isPermitted="true"
							name="KBLabelPrintUserGroup_V1" type="Group"></Principal>
					</ServiceInvoke>
					<EventInvoke>
						<Principal isPermitted="true"
							name="KBLabelPrintUserGroup_V1" type="Group"></Principal>
					</EventInvoke>
					<EventSubscribe></EventSubscribe>
				</Permissions>
			</InstanceRunTimePermissions>
			<InstanceVisibilityPermissions>
				<Visibility>
					<Principal isPermitted="true" name="KBBackGroundWorker"
						type="Organization"></Principal>
					<Principal isPermitted="true" name="KBOrganization"
						type="Organization"></Principal>
				</Visibility>
			</InstanceVisibilityPermissions>
		</ThingTemplate>
	</ThingTemplates>
</Entities>