<?xml version="1.0" encoding="UTF-8" standalone="no"?>
<Entities build="b2319" majorVersion="8" minorVersion="4"
	modelPersistenceProviderPackage="MssqlPersistenceProviderPackage"
	revision="4" schemaVersion="1041" universal="">
	<DataShapes>
		<DataShape baseDataShape="" description=""
			documentationContent="" homeMashup=""
			lastModifiedDate="2021-08-04T12:44:54.175+02:00"
			name="KBLabelPrintOrderNumberDS" projectName="" tags="">
			<Owner name="adm-kusumkap" type="User" />
			<avatar />
			<DesignTimePermissions>
				<Create />
				<Read />
				<Update />
				<Delete />
				<Metadata />
			</DesignTimePermissions>
			<RunTimePermissions />
			<VisibilityPermissions>
				<Visibility />
			</VisibilityPermissions>
			<ConfigurationTableDefinitions />
			<ConfigurationTables />
			<FieldDefinitions>
				<FieldDefinition baseType="STRING"
					description="OrderNumber" name="OrderNumber" ordinal="0" />
				<FieldDefinition aspect.isPrimaryKey="false"
					baseType="STRING" description="" name="SerialNumber" ordinal="1" />
				<FieldDefinition aspect.isPrimaryKey="false"
					baseType="STRING" description="" name="SerialNumberExt" ordinal="2" />
				<FieldDefinition aspect.isPrimaryKey="false"
					baseType="STRING" description="" name="SerialNumberFull"
					ordinal="3" />
			</FieldDefinitions>
		</DataShape>
	</DataShapes>
</Entities>