<?xml version="1.0" encoding="UTF-8"?>
<Entities build="b2319" majorVersion="8" minorVersion="4"
	modelPersistenceProviderPackage="MssqlPersistenceProviderPackage"
	revision="4" schemaVersion="1041" universal="password">
	<DataShapes>
		<DataShape aspect.isExtension="true" baseDataShape=""
			description="" documentationContent="" homeMashup=""
			lastModifiedDate="2021-09-21T11:43:18.369+02:00"
			name="KBListOfMachinesResultDataShape" projectName="" tags="">
			<avatar></avatar>
			<DesignTimePermissions>
				<Create></Create>
				<Read></Read>
				<Update></Update>
				<Delete></Delete>
				<Metadata></Metadata>
			</DesignTimePermissions>
			<RunTimePermissions></RunTimePermissions>
			<VisibilityPermissions>
				<Visibility></Visibility>
			</VisibilityPermissions>
			<ConfigurationTableDefinitions></ConfigurationTableDefinitions>
			<ConfigurationTables></ConfigurationTables>
			<FieldDefinitions>
				<FieldDefinition baseType="STRING"
					description="Machine" name="Machine" ordinal="0"></FieldDefinition>
			</FieldDefinitions>
		</DataShape>
	</DataShapes>
</Entities>
