<?xml version="1.0" encoding="UTF-8" standalone="no"?>
<Entities build="b2319" majorVersion="8" minorVersion="4"
	modelPersistenceProviderPackage="MssqlPersistenceProviderPackage"
	revision="4" schemaVersion="1041" universal="">
	<DataShapes>
		<DataShape baseDataShape="" description=""
			documentationContent="" homeMashup=""
			lastModifiedDate="2021-07-28T12:46:38.786+02:00"
			name="KBLabelPrintCheckNameDS" projectName="" tags="">
			<Owner name="adm-kusumkap" type="User" />
			<avatar />
			<DesignTimePermissions>
				<Create />
				<Read />
				<Update />
				<Delete />
				<Metadata />
			</DesignTimePermissions>
			<RunTimePermissions />
			<VisibilityPermissions>
				<Visibility />
			</VisibilityPermissions>
			<ConfigurationTableDefinitions />
			<ConfigurationTables />
			<FieldDefinitions>
				<FieldDefinition aspect.isPrimaryKey="false"
					baseType="STRING" description="" name="DisplayName" ordinal="3" />
				<FieldDefinition aspect.isPrimaryKey="true"
					baseType="STRING" description="" name="name" ordinal="1" />
				<FieldDefinition aspect.isPrimaryKey="false"
					baseType="THINGNAME" description="" name="thingName" ordinal="2" />
			</FieldDefinitions>
		</DataShape>
	</DataShapes>
</Entities>