<?xml version="1.0" encoding="UTF-8"?>
<Entities build="b628" majorVersion="9" minorVersion="0"
	modelPersistenceProviderPackage="MssqlPersistenceProviderPackage"
	revision="10" schemaVersion="1109" universal="password">
	<StateDefinitions>
		<StateDefinition description=""
			documentationContent="" homeMashup=""
			lastModifiedDate="2022-03-21T12:05:20.510Z"
			name="KBPrinterNameStateDefinition" projectName="KBsmartKPI" tags="">
			<avatar></avatar>
			<DesignTimePermissions>
				<Create></Create>
				<Read></Read>
				<Update></Update>
				<Delete></Delete>
				<Metadata></Metadata>
			</DesignTimePermissions>
			<RunTimePermissions></RunTimePermissions>
			<VisibilityPermissions>
				<Visibility>
					<Principal isPermitted="true" name="KBOrganization"
						type="Organization"></Principal>
				</Visibility>
			</VisibilityPermissions>
			<ConfigurationTableDefinitions></ConfigurationTableDefinitions>
			<ConfigurationTables></ConfigurationTables>
			<content>
            <![CDATA[
            {
              "stateDefinitions" : [ {
                "defaultStyleDefinition" : {
                  "backgroundColor" : "rgba(255,255,255,1)",
                  "displayString" : "",
                  "fontEmphasisBold" : true,
                  "fontEmphasisItalic" : false,
                  "fontEmphasisUnderline" : false,
                  "foregroundColor" : "rgba(0,0,0,1)",
                  "image" : "",
                  "lineColor" : "",
                  "lineStyle" : "solid",
                  "lineThickness" : 1,
                  "secondaryBackgroundColor" : "",
                  "textSize" : "xxl"
                },
                "defaultValue" : "Label Printer",
                "description" : "",
                "displayString" : "Label Printer",
                "name" : ""
              }, {
                "defaultStyleDefinition" : {
                  "backgroundColor" : "rgba(255,255,255,1)",
                  "displayString" : "",
                  "fontEmphasisBold" : true,
                  "fontEmphasisItalic" : false,
                  "fontEmphasisUnderline" : false,
                  "foregroundColor" : "rgba(0,0,0,1)",
                  "image" : "",
                  "lineColor" : "",
                  "lineStyle" : "solid",
                  "lineThickness" : 1,
                  "secondaryBackgroundColor" : "",
                  "textSize" : "xxl"
                },
                "defaultValue" : "Packaging Printer",
                "description" : "",
                "displayString" : "Packaging Printer",
                "name" : ""
              }, {
                "defaultStyleDefinition" : "",
                "description" : "",
                "displayString" : "",
                "name" : ""
              } ],
              "stateType" : "string"
            }
            ]]>
			</content>
		</StateDefinition>
	</StateDefinitions>
</Entities>
