<?xml version="1.0" encoding="UTF-8" standalone="no"?>
<Entities>
    <ExtensionPackages>
        <ExtensionPackage dependsOn="" description="" minimumThingWorxVersion="7.2.1" name="PDFtoPrinter_extension" packageVersion="1.0.34" vendor="">
            <JarResources>
                <FileResource description="" file="PDFtoPrinter_extension.jar" type="JAR"/>
            </JarResources>
        </ExtensionPackage>
    </ExtensionPackages>
    <Resources>
        <Resource aspect.isCreatable="false" aspect.isEditableExtensionObject="false" className="PDFtoPrinter" description="" name="PDFtoPrinter"/>
    </Resources>
</Entities>
