<?xml version="1.0" encoding="UTF-8"?>
<Entities build="b628" majorVersion="9" minorVersion="0"
	modelPersistenceProviderPackage="MssqlPersistenceProviderPackage"
	revision="10" schemaVersion="1109" universal="password">
	<DataShapes>
		<DataShape baseDataShape="" description=""
			documentationContent="" homeMashup=""
			lastModifiedDate="2022-03-12T18:43:47.668Z"
			name="KBTestBenchStationThingNameDataShape" projectName="KBsmartKPI"
			tags="">
			<avatar></avatar>
			<DesignTimePermissions>
				<Create></Create>
				<Read></Read>
				<Update></Update>
				<Delete></Delete>
				<Metadata></Metadata>
			</DesignTimePermissions>
			<RunTimePermissions></RunTimePermissions>
			<VisibilityPermissions>
				<Visibility></Visibility>
			</VisibilityPermissions>
			<ConfigurationTableDefinitions></ConfigurationTableDefinitions>
			<ConfigurationTables></ConfigurationTables>
			<FieldDefinitions>
				<FieldDefinition aspect.isPrimaryKey="true"
					baseType="STRING" description="Entity name" name="name" ordinal="0"></FieldDefinition>
			</FieldDefinitions>
		</DataShape>
	</DataShapes>
</Entities>
