<?xml version="1.0" encoding="UTF-8"?>
<Entities build="b628" majorVersion="9" minorVersion="0"
	modelPersistenceProviderPackage="MssqlPersistenceProviderPackage"
	revision="10" schemaVersion="1109" universal="password">
	<DataShapes>
		<DataShape baseDataShape="" description=""
			documentationContent="" homeMashup=""
			lastModifiedDate="2022-03-12T18:42:56.808Z"
			name="KBStationsPrintingPropertiesDataShape" projectName="KBsmartKPI"
			tags="">
			<avatar></avatar>
			<DesignTimePermissions>
				<Create></Create>
				<Read></Read>
				<Update></Update>
				<Delete></Delete>
				<Metadata></Metadata>
			</DesignTimePermissions>
			<RunTimePermissions></RunTimePermissions>
			<VisibilityPermissions>
				<Visibility></Visibility>
			</VisibilityPermissions>
			<ConfigurationTableDefinitions></ConfigurationTableDefinitions>
			<ConfigurationTables></ConfigurationTables>
			<FieldDefinitions>
				<FieldDefinition aspect.isPrimaryKey="false"
					baseType="STRING" description="" name="ConventionalPrinter"
					ordinal="3"></FieldDefinition>
				<FieldDefinition aspect.isPrimaryKey="false"
					baseType="BOOLEAN" description=""
					name="ConventionalPrinter_printing" ordinal="4"></FieldDefinition>
				<FieldDefinition aspect.isPrimaryKey="false"
					baseType="STRING" description="" name="LabelIPAddress" ordinal="9"></FieldDefinition>
				<FieldDefinition aspect.isPrimaryKey="false"
					baseType="STRING" description="" name="LabelPrinter" ordinal="5"></FieldDefinition>
				<FieldDefinition aspect.isPrimaryKey="false"
					baseType="BOOLEAN" description="" name="LabelPrinter_printing"
					ordinal="6"></FieldDefinition>
				<FieldDefinition aspect.isPrimaryKey="false"
					baseType="STRING" description="" name="OriginalStation" ordinal="1"></FieldDefinition>
				<FieldDefinition aspect.isPrimaryKey="false"
					baseType="STRING" description="" name="PackagingIPAddress"
					ordinal="10"></FieldDefinition>
				<FieldDefinition aspect.isPrimaryKey="false"
					baseType="STRING" description="" name="PackagingPrinter"
					ordinal="7"></FieldDefinition>
				<FieldDefinition aspect.isPrimaryKey="false"
					baseType="BOOLEAN" description="" name="PackagingPrinter_printing"
					ordinal="8"></FieldDefinition>
				<FieldDefinition aspect.isPrimaryKey="false"
					baseType="STRING" description="" name="StationName" ordinal="2"></FieldDefinition>
			</FieldDefinitions>
		</DataShape>
	</DataShapes>
</Entities>
