<?xml version="1.0" encoding="UTF-8" standalone="no"?>
<Entities build="b2319" majorVersion="8" minorVersion="4"
	modelPersistenceProviderPackage="MssqlPersistenceProviderPackage"
	revision="4" schemaVersion="1041" universal="">
	<DataShapes>
		<DataShape baseDataShape="" description=""
			documentationContent="" homeMashup=""
			lastModifiedDate="2021-08-04T15:26:04.072+02:00"
			name="KBLabelPrintDS" projectName="" tags="">
			<Owner name="adm-kusumkap" type="User" />
			<avatar />
			<DesignTimePermissions>
				<Create />
				<Read />
				<Update />
				<Delete />
				<Metadata />
			</DesignTimePermissions>
			<RunTimePermissions />
			<VisibilityPermissions>
				<Visibility />
			</VisibilityPermissions>
			<ConfigurationTableDefinitions />
			<ConfigurationTables />
			<FieldDefinitions>
				<FieldDefinition baseType="IMAGELINK"
					description="Avatar image" name="avatar" ordinal="0" />
				<FieldDefinition baseType="STRING"
					description="Entity description" name="description" ordinal="0" />
				<FieldDefinition aspect.isPrimaryKey="false"
					baseType="STRING" description="" name="DisplayName" ordinal="1" />
				<FieldDefinition baseType="MASHUPNAME"
					description="Home mashup" name="homeMashup" ordinal="0" />
				<FieldDefinition baseType="BOOLEAN"
					description="Indicates if a system object or not"
					name="isSystemObject" ordinal="0" />
				<FieldDefinition aspect.isPrimaryKey="true"
					baseType="STRING" description="Entity name" name="name" ordinal="0" />
				<FieldDefinition aspect.tagType="ModelTags"
					baseType="TAGS" description="Tags" name="tags" ordinal="0" />
			</FieldDefinitions>
		</DataShape>
	</DataShapes>
</Entities>