<?xml version="1.0" encoding="UTF-8" standalone="no"?>
<Entities build="b2319" majorVersion="8" minorVersion="4"
	modelPersistenceProviderPackage="MssqlPersistenceProviderPackage"
	revision="4" schemaVersion="1041" universal="">
	<DataShapes>
		<DataShape baseDataShape="" description=""
			documentationContent="" homeMashup=""
			lastModifiedDate="2021-07-07T16:07:05.990+02:00"
			name="KBManualPartDataHandlingListDS" projectName="" tags="">
			<Owner name="adm-kusumkap" type="User" />
			<avatar />
			<DesignTimePermissions>
				<Create />
				<Read />
				<Update />
				<Delete />
				<Metadata />
			</DesignTimePermissions>
			<RunTimePermissions />
			<VisibilityPermissions>
				<Visibility />
			</VisibilityPermissions>
			<ConfigurationTableDefinitions />
			<ConfigurationTables />
			<FieldDefinitions>
				<FieldDefinition aspect.isPrimaryKey="false"
					baseType="DATETIME" description="" name="DateTimeValue" ordinal="4" />
				<FieldDefinition aspect.isPrimaryKey="false"
					baseType="NUMBER" description="" name="FloatValue" ordinal="2" />
				<FieldDefinition aspect.isPrimaryKey="false"
					baseType="BOOLEAN" description="" name="isDateTimeValue"
					ordinal="7" />
				<FieldDefinition aspect.isPrimaryKey="false"
					baseType="BOOLEAN" description="" name="isFloatValue" ordinal="5" />
				<FieldDefinition aspect.isPrimaryKey="false"
					baseType="BOOLEAN" description="" name="isTextValue" ordinal="6" />
				<FieldDefinition aspect.isPrimaryKey="false"
					baseType="STRING" description="" name="Key" ordinal="1" />
				<FieldDefinition aspect.isPrimaryKey="false"
					baseType="STRING" description="" name="TextValue" ordinal="3" />
			</FieldDefinitions>
		</DataShape>
	</DataShapes>
</Entities>