<?xml version="1.0" encoding="UTF-8" standalone="no"?>
<Entities>
    <ExtensionPackages>
        <ExtensionPackage dependsOn="" description="" minimumThingWorxVersion="7.2.1" name="ExportJSONtoXML_extension" packageVersion="1.0.4" vendor="">
            <JarResources>
            	<FileResource description="" file="json-20171018.jar" type="JAR"/>
                <FileResource description="" file="staxon-1.3.jar" type="JAR"/>
                <FileResource description="" file="ExportJSONtoXML_extension.jar" type="JAR"/>
            </JarResources>
        </ExtensionPackage>
    </ExtensionPackages>
    <Resources>
        <Resource aspect.isCreatable="false" aspect.isEditableExtensionObject="false" className="JSONtoXML_Export" description="" name="JSONtoXML.Export"/>
    </Resources>
</Entities>
