<?xml version="1.0" encoding="UTF-8"?>
<R_246_08>
	<Report>
		<Dielectric_Withstand>
			<Between_Open_Contacts>test3</Between_Open_Contacts>
			<Main_Circuit_To_Earth>test1</Main_Circuit_To_Earth>
			<Between_Contacts_1_3>test4</Between_Contacts_1_3>
			<Aux_Circuit_To_Earth>test2</Aux_Circuit_To_Earth>
			<Wiring_Check>test5</Wiring_Check>
		</Dielectric_Withstand>
		<Order_Details>
			<Drawing>some description</Drawing>
			<Production_Year>2314</Production_Year>
			<Rev>2018-05-12</Rev>
			<Code_MS>2018-05-12</Code_MS>
			<Serial_To>214234</Serial_To>
			<Serial_From>someSpecification</Serial_From>
			<Code>2018-05-12</Code>
			<Number_Of_Poles>11</Number_Of_Poles>
			<Position_Mounting>position mounting</Position_Mounting>
			<Type>199</Type>
			<Customer_Part_Number>customer part number</Customer_Part_Number>
			<Aux_Contacts>contacts</Aux_Contacts>
			<Rated_Voltage>rated voltage</Rated_Voltage>
			<Production>production</Production>
			<Production_Week>12</Production_Week>
			<Customer_Specification>customer specification</Customer_Specification>
		</Order_Details>
		<Serial_Number>Commessa/anno/riga BC 12 progressivo</Serial_Number>
		<Order_Delivery>
			<Item>item</Item>
			<Project>project</Project>
			<Inspection_And_Test>inspection and test</Inspection_And_Test>
			<Quality_Plan_Rev>q plan rev</Quality_Plan_Rev>
			<Device_Type>device type</Device_Type>
			<Reference_To>fdsfdffffff</Reference_To>
			<Order_Acknowledgment>Yes</Order_Acknowledgment>
			<Quality_Plan>quality plan</Quality_Plan>
			<Inspection_And_Test_Rev>i and test rev</Inspection_And_Test_Rev>
		</Order_Delivery>
		<General>
			<Customer>Erler</Customer>
			<Purchase_Order>EP081.jed</Purchase_Order>
			<Date>S2510-2008-10-17-V01.02.mot</Date>
		</General>
		<Signature_Date>2018-05-18</Signature_Date>
		<Process_Details>
			<Rated_Ohmic_34_Minus>413</Rated_Ohmic_34_Minus>
			<Rated_Ohmic_34_Plus>513</Rated_Ohmic_34_Plus>
			<Third_Stage_Voltage>155</Third_Stage_Voltage>
			<Ambient_Temperature>23</Ambient_Temperature>
			<Rated_Ohmic_12>344</Rated_Ohmic_12>
			<Rated_Ohmic_34>3435</Rated_Ohmic_34>
			<First_Stage_Voltage>123</First_Stage_Voltage>
			<Second_Stage_Voltage>145</Second_Stage_Voltage>
			<Measured_Ohmic_12>532</Measured_Ohmic_12>
			<Measured_Ohmic_34>3670</Measured_Ohmic_34>
			<Rated_Ohmic_12_Plus>313</Rated_Ohmic_12_Plus>
			<Rated_Ohmic_12_Minus>213</Rated_Ohmic_12_Minus>
		</Process_Details>
		<Electric_Operation_Test>
			<Main_Value>40</Main_Value>
			<Drop_Out_Voltage_High>9</Drop_Out_Voltage_High>
			<Control_Voltage_Low>11</Control_Voltage_Low>
			<Control_Voltage_High>22</Control_Voltage_High>
			<Drop_Out_Voltage_Low>4</Drop_Out_Voltage_Low>
		</Electric_Operation_Test>
	</Report>
</R_246_08>
