<?xml version="1.0" encoding="UTF-8"?>
<Entities build="b167" majorVersion="8" minorVersion="2"
	modelPersistenceProviderPackage="MssqlPersistenceProviderPackage"
	revision="2" schemaVersion="1020" universal="">
	<Projects>
		<Project dependsOn="" description="" documentationContent=""
			homeMashup="" lastModifiedDate="2018-09-26T09:39:55.775+02:00"
			name="KB_MS_LinePrinting" packageVersion="1.0.0"
			projectName="KB_MS_LinePrinting" tags="">
			<avatar></avatar>
			<DesignTimePermissions>
				<Create></Create>
				<Read></Read>
				<Update></Update>
				<Delete></Delete>
				<Metadata></Metadata>
			</DesignTimePermissions>
			<RunTimePermissions></RunTimePermissions>
			<VisibilityPermissions>
				<Visibility></Visibility>
			</VisibilityPermissions>
			<ConfigurationTables></ConfigurationTables>
		</Project>
	</Projects>
</Entities>
