<?xml version="1.0" encoding="UTF-8"?>
<Entities build="b628" majorVersion="9" minorVersion="0"
	modelPersistenceProviderPackage="MssqlPersistenceProviderPackage"
	revision="10" schemaVersion="1109" universal="password">
	<StyleDefinitions>
		<StyleDefinition aspect.isThemeObject="true"
			description="" documentationContent="" homeMashup=""
			lastModifiedDate="2022-03-21T10:41:49.257Z"
			name="KBPrinterDefaultGridAdvancedHeaderStyle"
			projectName="KBsmartKPI" tags="">
			<avatar></avatar>
			<DesignTimePermissions>
				<Create></Create>
				<Read></Read>
				<Update></Update>
				<Delete></Delete>
				<Metadata></Metadata>
			</DesignTimePermissions>
			<RunTimePermissions></RunTimePermissions>
			<VisibilityPermissions>
				<Visibility></Visibility>
			</VisibilityPermissions>
			<ConfigurationTableDefinitions></ConfigurationTableDefinitions>
			<ConfigurationTables></ConfigurationTables>
			<content>
            <![CDATA[
            {
              "backgroundColor" : "rgba(192,192,192,1)",
              "displayString" : "",
              "fontEmphasisBold" : false,
              "fontEmphasisItalic" : false,
              "fontEmphasisUnderline" : false,
              "foregroundColor" : "rgba(0,0,0,1)",
              "image" : "",
              "lineColor" : "",
              "lineStyle" : "solid",
              "lineThickness" : 1,
              "secondaryBackgroundColor" : "",
              "textSize" : "2xl"
            }
            ]]>
			</content>
		</StyleDefinition>
	</StyleDefinitions>
</Entities>
