<?xml version="1.0" encoding="UTF-8"?>
<Entities build="b628" majorVersion="9" minorVersion="0"
	modelPersistenceProviderPackage="MssqlPersistenceProviderPackage"
	revision="10" schemaVersion="1109" universal="password">
	<StyleDefinitions>
		<StyleDefinition aspect.isThemeObject="true"
			description="" documentationContent="" homeMashup=""
			lastModifiedDate="2022-03-12T19:00:49.677Z"
			name="KBPrinterDefaultGridAdvancedRowHoverStyle"
			projectName="KBsmartKPI" tags="">
			<avatar></avatar>
			<DesignTimePermissions>
				<Create></Create>
				<Read></Read>
				<Update></Update>
				<Delete></Delete>
				<Metadata></Metadata>
			</DesignTimePermissions>
			<RunTimePermissions></RunTimePermissions>
			<VisibilityPermissions>
				<Visibility></Visibility>
			</VisibilityPermissions>
			<ConfigurationTableDefinitions></ConfigurationTableDefinitions>
			<ConfigurationTables></ConfigurationTables>
			<content>
            <![CDATA[
            {
              "backgroundColor" : "#dddddd",
              "displayString" : "",
              "fontEmphasisBold" : false,
              "fontEmphasisItalic" : false,
              "fontEmphasisUnderline" : false,
              "foregroundColor" : "#333333",
              "image" : "",
              "lineColor" : "",
              "lineStyle" : null,
              "lineThickness" : 0,
              "secondaryBackgroundColor" : "",
              "textSize" : "xlarge"
            }
            ]]>
			</content>
		</StyleDefinition>
	</StyleDefinitions>
</Entities>
