<?xml version="1.0" encoding="UTF-8"?>
<Entities build="b2319" majorVersion="8" minorVersion="4"
	modelPersistenceProviderPackage="MssqlPersistenceProviderPackage"
	revision="4" schemaVersion="1041" universal="password">
	<StyleDefinitions>
		<StyleDefinition aspect.isThemeObject="true"
			description="" documentationContent="" homeMashup=""
			lastModifiedDate="2021-09-15T17:16:34.819+02:00"
			name="KBLabelPrintTextBoxStyle" projectName="" tags="">
			<avatar></avatar>
			<DesignTimePermissions>
				<Create></Create>
				<Read></Read>
				<Update></Update>
				<Delete></Delete>
				<Metadata></Metadata>
			</DesignTimePermissions>
			<RunTimePermissions></RunTimePermissions>
			<VisibilityPermissions>
				<Visibility></Visibility>
			</VisibilityPermissions>
			<ConfigurationTableDefinitions></ConfigurationTableDefinitions>
			<ConfigurationTables></ConfigurationTables>
			<content>
            <![CDATA[
            {
              "backgroundColor" : "#ffffff",
              "displayString" : "",
              "fontEmphasisBold" : false,
              "fontEmphasisItalic" : false,
              "fontEmphasisUnderline" : false,
              "foregroundColor" : "#333333",
              "image" : "",
              "lineColor" : "rgba(0,0,0,1)",
              "lineStyle" : "solid",
              "lineThickness" : "1",
              "secondaryBackgroundColor" : "",
              "textSize" : "20px"
            }
            ]]>
			</content>
		</StyleDefinition>
	</StyleDefinitions>
</Entities>
