<?xml version="1.0" encoding="UTF-8"?>
<Entities
 majorVersion="9"
 minorVersion="3"
 universal="password">
    <Things>
        <Thing
         description=""
         documentationContent=""
         effectiveThingPackage="ConfiguredThing"
         enabled="true"
         homeMashup=""
         identifier=""
         inheritedValueStream=""
         name="KBManualLabelPrintHelperThing"
         projectName=""
         published="false"
         tags=""
         thingTemplate="GenericThing"
         valueStream="">
            <avatar></avatar>
            <DesignTimePermissions>
                <Create></Create>
                <Read></Read>
                <Update></Update>
                <Delete></Delete>
                <Metadata></Metadata>
            </DesignTimePermissions>
            <RunTimePermissions>
                <Permissions
                 resourceName="*">
                    <PropertyRead>
                        <Principal
                         isPermitted="true"
                         name="KBLabelPrintUserGroup_V1"
                         type="Group"></Principal>
                    </PropertyRead>
                    <PropertyWrite>
                        <Principal
                         isPermitted="true"
                         name="KBLabelPrintUserGroup_V1"
                         type="Group"></Principal>
                    </PropertyWrite>
                    <ServiceInvoke>
                        <Principal
                         isPermitted="true"
                         name="KBLabelPrintUserGroup_V1"
                         type="Group"></Principal>
                    </ServiceInvoke>
                    <EventInvoke>
                        <Principal
                         isPermitted="true"
                         name="KBLabelPrintUserGroup_V1"
                         type="Group"></Principal>
                    </EventInvoke>
                    <EventSubscribe>
                        <Principal
                         isPermitted="true"
                         name="KBLabelPrintUserGroup_V1"
                         type="Group"></Principal>
                    </EventSubscribe>
                </Permissions>
            </RunTimePermissions>
            <VisibilityPermissions>
                <Visibility>
                    <Principal
                     isPermitted="true"
                     name="KBOrganization"
                     type="Organization"></Principal>
                </Visibility>
            </VisibilityPermissions>
            <ConfigurationTableDefinitions></ConfigurationTableDefinitions>
            <ConfigurationTables></ConfigurationTables>
            <ThingShape>
                <PropertyDefinitions></PropertyDefinitions>
                <ServiceDefinitions>
                    <ServiceDefinition
                     aspect.isAsync="false"
                     category=""
                     description=""
                     isAllowOverride="false"
                     isLocalOnly="false"
                     isOpen="false"
                     isPrivate="false"
                     name="checkImplementedDS">
                        <ResultType
                         baseType="BOOLEAN"
                         description=""
                         name="result"
                         ordinal="0"></ResultType>
                        <ParameterDefinitions>
                            <FieldDefinition
                             baseType="STRING"
                             description=""
                             name="thingName"
                             ordinal="1"></FieldDefinition>
                        </ParameterDefinitions>
                    </ServiceDefinition>
                    <ServiceDefinition
                     aspect.isAsync="false"
                     category=""
                     description=""
                     isAllowOverride="false"
                     isLocalOnly="false"
                     isOpen="false"
                     isPrivate="false"
                     name="findThingsWith">
                        <ResultType
                         aspect.dataShape="KBLabelPrintCheckNameDS"
                         baseType="INFOTABLE"
                         description=""
                         name="result"
                         ordinal="0"></ResultType>
                        <ParameterDefinitions>
                            <FieldDefinition
                             baseType="STRING"
                             description=""
                             name="OrderNo"
                             ordinal="1"></FieldDefinition>
                        </ParameterDefinitions>
                    </ServiceDefinition>
                    <ServiceDefinition
                     aspect.isAsync="false"
                     category=""
                     description=""
                     isAllowOverride="false"
                     isLocalOnly="false"
                     isOpen="false"
                     isPrivate="false"
                     name="GetDefaultNumberOfLabels">
                        <ResultType
                         baseType="INTEGER"
                         description=""
                         name="result"
                         ordinal="0"></ResultType>
                        <ParameterDefinitions>
                            <FieldDefinition
                             aspect.isRequired="true"
                             baseType="BOOLEAN"
                             description=""
                             name="isBatchPrinting"
                             ordinal="2"></FieldDefinition>
                            <FieldDefinition
                             aspect.dataShape="KBLabelPrintOrderNumberDS"
                             baseType="INFOTABLE"
                             description=""
                             name="SerialNumbers"
                             ordinal="1"></FieldDefinition>
                        </ParameterDefinitions>
                    </ServiceDefinition>
                    <ServiceDefinition
                     aspect.isAsync="false"
                     category=""
                     description=""
                     isAllowOverride="false"
                     isLocalOnly="false"
                     isOpen="false"
                     isPrivate="false"
                     name="GetEmptySerialNumbers">
                        <ResultType
                         aspect.dataShape="KBLabelPrintOrderNumberDS"
                         baseType="INFOTABLE"
                         description=""
                         name="result"
                         ordinal="0"></ResultType>
                        <ParameterDefinitions>
                            <FieldDefinition
                             aspect.isRequired="true"
                             baseType="STRING"
                             description=""
                             name="OrderNumber"
                             ordinal="1"></FieldDefinition>
                            <FieldDefinition
                             aspect.defaultValue="false"
                             baseType="BOOLEAN"
                             description=""
                             name="showAlreadyPrintedSerialNumbers"
                             ordinal="2"></FieldDefinition>
                        </ParameterDefinitions>
                    </ServiceDefinition>
                    <ServiceDefinition
                     aspect.isAsync="false"
                     category=""
                     description=""
                     isAllowOverride="false"
                     isLocalOnly="false"
                     isOpen="false"
                     isPrivate="false"
                     name="GetLabelPrintStatus">
                        <ResultType
                         baseType="BOOLEAN"
                         description=""
                         name="result"
                         ordinal="0"></ResultType>
                        <ParameterDefinitions>
                            <FieldDefinition
                             aspect.isRequired="false"
                             baseType="STRING"
                             description=""
                             name="StationName"
                             ordinal="1"></FieldDefinition>
                        </ParameterDefinitions>
                    </ServiceDefinition>
                    <ServiceDefinition
                     aspect.isAsync="false"
                     category=""
                     description=""
                     isAllowOverride="false"
                     isLocalOnly="false"
                     isOpen="false"
                     isPrivate="false"
                     name="GetListStationFromWorkCenterNo">
                        <ResultType
                         aspect.dataShape="KBListOfMachinesResultDataShape"
                         baseType="INFOTABLE"
                         description=""
                         name="result"
                         ordinal="0"></ResultType>
                        <ParameterDefinitions>
                            <FieldDefinition
                             baseType="STRING"
                             description=""
                             name="WorkCenter"
                             ordinal="1"></FieldDefinition>
                        </ParameterDefinitions>
                    </ServiceDefinition>
                    <ServiceDefinition
                     aspect.isAsync="false"
                     category=""
                     description=""
                     isAllowOverride="false"
                     isLocalOnly="false"
                     isOpen="false"
                     isPrivate="false"
                     name="getOrderNumber">
                        <ResultType
                         aspect.dataShape="KBLabelPrintOrderNumberDS"
                         baseType="INFOTABLE"
                         description=""
                         name="result"
                         ordinal="0"></ResultType>
                        <ParameterDefinitions>
                            <FieldDefinition
                             baseType="STRING"
                             description=""
                             name="orderNo"
                             ordinal="2"></FieldDefinition>
                            <FieldDefinition
                             aspect.isRequired="false"
                             baseType="STRING"
                             description=""
                             name="WorkcenterNumber"
                             ordinal="1"></FieldDefinition>
                        </ParameterDefinitions>
                    </ServiceDefinition>
                    <ServiceDefinition
                     aspect.isAsync="false"
                     category=""
                     description=""
                     isAllowOverride="false"
                     isLocalOnly="false"
                     isOpen="false"
                     isPrivate="false"
                     name="GetOverallPrintStatus">
                        <ResultType
                         baseType="BOOLEAN"
                         description=""
                         name="result"
                         ordinal="0"></ResultType>
                        <ParameterDefinitions>
                            <FieldDefinition
                             baseType="STRING"
                             description=""
                             name="OrderNumber"
                             ordinal="2"></FieldDefinition>
                            <FieldDefinition
                             aspect.isRequired="false"
                             baseType="STRING"
                             description=""
                             name="StationName"
                             ordinal="1"></FieldDefinition>
                        </ParameterDefinitions>
                    </ServiceDefinition>
                    <ServiceDefinition
                     aspect.isAsync="false"
                     category=""
                     description=""
                     isAllowOverride="false"
                     isLocalOnly="false"
                     isOpen="false"
                     isPrivate="false"
                     name="GetPackagingLabelPrintStatus">
                        <ResultType
                         baseType="BOOLEAN"
                         description=""
                         name="result"
                         ordinal="0"></ResultType>
                        <ParameterDefinitions>
                            <FieldDefinition
                             aspect.isRequired="false"
                             baseType="STRING"
                             description=""
                             name="StationName"
                             ordinal="1"></FieldDefinition>
                        </ParameterDefinitions>
                    </ServiceDefinition>
                    <ServiceDefinition
                     aspect.isAsync="false"
                     category=""
                     description=""
                     isAllowOverride="false"
                     isLocalOnly="false"
                     isOpen="false"
                     isPrivate="false"
                     name="GetProtocolPrintStatus">
                        <ResultType
                         baseType="BOOLEAN"
                         description=""
                         name="result"
                         ordinal="0"></ResultType>
                        <ParameterDefinitions>
                            <FieldDefinition
                             baseType="STRING"
                             description=""
                             name="OrderNumber"
                             ordinal="2"></FieldDefinition>
                            <FieldDefinition
                             aspect.isRequired="false"
                             baseType="STRING"
                             description=""
                             name="StationName"
                             ordinal="1"></FieldDefinition>
                        </ParameterDefinitions>
                    </ServiceDefinition>
                    <ServiceDefinition
                     aspect.isAsync="false"
                     category=""
                     description=""
                     isAllowOverride="false"
                     isLocalOnly="false"
                     isOpen="false"
                     isPrivate="false"
                     name="getSerialNumber">
                        <ResultType
                         aspect.dataShape="KBLabelPrintOrderNumberDS"
                         baseType="INFOTABLE"
                         description=""
                         name="result"
                         ordinal="0"></ResultType>
                        <ParameterDefinitions>
                            <FieldDefinition
                             aspect.isRequired="true"
                             baseType="STRING"
                             description=""
                             name="OrderNumber"
                             ordinal="1"></FieldDefinition>
                            <FieldDefinition
                             aspect.defaultValue="false"
                             baseType="BOOLEAN"
                             description=""
                             name="showAlreadyPrintedSerialNumbers"
                             ordinal="2"></FieldDefinition>
                        </ParameterDefinitions>
                    </ServiceDefinition>
                    <ServiceDefinition
                     aspect.isAsync="false"
                     category=""
                     description=""
                     isAllowOverride="false"
                     isLocalOnly="false"
                     isOpen="false"
                     isPrivate="false"
                     name="GetWorkCenterNoFromOrderNo">
                        <ResultType
                         aspect.dataShape="KBOrderResultDataShape"
                         baseType="INFOTABLE"
                         description=""
                         name="result"
                         ordinal="0"></ResultType>
                        <ParameterDefinitions>
                            <FieldDefinition
                             baseType="STRING"
                             description=""
                             name="OrderNo"
                             ordinal="1"></FieldDefinition>
                        </ParameterDefinitions>
                    </ServiceDefinition>
                    <ServiceDefinition
                     aspect.isAsync="false"
                     category=""
                     description=""
                     isAllowOverride="false"
                     isLocalOnly="false"
                     isOpen="false"
                     isPrivate="false"
                     name="PrintButtonState">
                        <ResultType
                         baseType="BOOLEAN"
                         description=""
                         name="result"
                         ordinal="0"></ResultType>
                        <ParameterDefinitions>
                            <FieldDefinition
                             aspect.defaultValue="false"
                             baseType="BOOLEAN"
                             description=""
                             name="State"
                             ordinal="1"></FieldDefinition>
                        </ParameterDefinitions>
                    </ServiceDefinition>
                    <ServiceDefinition
                     aspect.isAsync="false"
                     category=""
                     description=""
                     isAllowOverride="false"
                     isLocalOnly="false"
                     isOpen="false"
                     isPrivate="false"
                     name="PrintLabel">
                        <ResultType
                         baseType="STRING"
                         description=""
                         name="result"
                         ordinal="0"></ResultType>
                        <ParameterDefinitions>
                            <FieldDefinition
                             aspect.defaultValue="1.0"
                             baseType="NUMBER"
                             description=""
                             name="loopCount"
                             ordinal="3"></FieldDefinition>
                            <FieldDefinition
                             aspect.isRequired="true"
                             baseType="STRING"
                             description=""
                             name="OrderNumber"
                             ordinal="2"></FieldDefinition>
                            <FieldDefinition
                             aspect.isRequired="true"
                             baseType="BOOLEAN"
                             description=""
                             name="PrintPackagingLabel"
                             ordinal="7"></FieldDefinition>
                            <FieldDefinition
                             aspect.isRequired="true"
                             baseType="BOOLEAN"
                             description=""
                             name="PrintPDFProtocol"
                             ordinal="8"></FieldDefinition>
                            <FieldDefinition
                             aspect.isRequired="true"
                             baseType="BOOLEAN"
                             description=""
                             name="PrintProductLabel"
                             ordinal="6"></FieldDefinition>
                            <FieldDefinition
                             aspect.isRequired="true"
                             baseType="BOOLEAN"
                             description=""
                             name="PrintProductLabelANSI"
                             ordinal="9"></FieldDefinition>
                            <FieldDefinition
                             baseType="STRING"
                             description=""
                             name="SerialNumber"
                             ordinal="4"></FieldDefinition>
                            <FieldDefinition
                             aspect.dataShape="KBLabelPrintOrderNumberDS"
                             baseType="INFOTABLE"
                             description=""
                             name="SerialNumbers"
                             ordinal="5"></FieldDefinition>
                            <FieldDefinition
                             aspect.isRequired="true"
                             baseType="THINGNAME"
                             description=""
                             name="StationThing"
                             ordinal="1"></FieldDefinition>
                        </ParameterDefinitions>
                    </ServiceDefinition>
                    <ServiceDefinition
                     aspect.isAsync="false"
                     category=""
                     description=""
                     isAllowOverride="false"
                     isLocalOnly="false"
                     isOpen="false"
                     isPrivate="false"
                     name="ResultOutput">
                        <ResultType
                         baseType="STRING"
                         description=""
                         name="result"
                         ordinal="0"></ResultType>
                        <ParameterDefinitions>
                            <FieldDefinition
                             baseType="STRING"
                             description=""
                             name="OrderNumber"
                             ordinal="1"></FieldDefinition>
                            <FieldDefinition
                             baseType="INTEGER"
                             description=""
                             name="PrintLabelResult"
                             ordinal="2"></FieldDefinition>
                        </ParameterDefinitions>
                    </ServiceDefinition>
                    <ServiceDefinition
                     aspect.isAsync="false"
                     category=""
                     description=""
                     isAllowOverride="false"
                     isLocalOnly="false"
                     isOpen="false"
                     isPrivate="false"
                     name="selectedThings">
                        <ResultType
                         baseType="STRING"
                         description=""
                         name="result"
                         ordinal="0"></ResultType>
                        <ParameterDefinitions>
                            <FieldDefinition
                             aspect.isRequired="false"
                             baseType="THINGNAME"
                             description=""
                             name="thingName"
                             ordinal="1"></FieldDefinition>
                        </ParameterDefinitions>
                    </ServiceDefinition>
                </ServiceDefinitions>
                <EventDefinitions></EventDefinitions>
                <ServiceMappings></ServiceMappings>
                <ServiceImplementations>
                    <ServiceImplementation
                     description=""
                     handlerName="Script"
                     name="checkImplementedDS">
                        <ConfigurationTables>
                            <ConfigurationTable
                             dataShapeName=""
                             description=""
                             isMultiRow="false"
                             name="Script"
                             ordinal="0">
                                <DataShape>
                                    <FieldDefinitions>
                                        <FieldDefinition
                                         baseType="STRING"
                                         description="code"
                                         name="code"
                                         ordinal="0"></FieldDefinition>
                                    </FieldDefinitions>
                                </DataShape>
                                <Rows>
                                    <Row>
                                        <code>
                                        <![CDATA[
                                        // result: INFOTABLE dataShape: "EntityList"
                                        var test =  Things[thingName].GetImplementedShapes();
                                        
                                        var tableLength = test.rows.length;
                                        for (var x=0; x < tableLength; x++) {
                                            var row = test.rows[x];
                                            //Your code here
                                            if(row.name == "KBMILTestBenchReceiverThingShapeCopy" || row.name == "KBMILTestBenchReceiverThingShape"){
                                             result = true;   
                                            }else{
                                                result = false;
                                            }
                                        }
                                        ]]>
                                        </code>
                                    </Row>
                                </Rows>
                            </ConfigurationTable>
                        </ConfigurationTables>
                    </ServiceImplementation>
                    <ServiceImplementation
                     description=""
                     handlerName="Script"
                     name="findThingsWith">
                        <ConfigurationTables>
                            <ConfigurationTable
                             dataShapeName=""
                             description=""
                             isMultiRow="false"
                             name="Script"
                             ordinal="0">
                                <DataShape>
                                    <FieldDefinitions>
                                        <FieldDefinition
                                         baseType="STRING"
                                         description="code"
                                         name="code"
                                         ordinal="0"></FieldDefinition>
                                    </FieldDefinitions>
                                </DataShape>
                                <Rows>
                                    <Row>
                                        <code>
                                        <![CDATA[
                                        var result;
                                        if (OrderNo) {
                                        	// result: INFOTABLE dataShape: "KBOrderResultDataShape"
                                        	var data = me.GetWorkCenterNoFromOrderNo({
                                        		OrderNo: OrderNo /* STRING */
                                        	});
                                        	//  logger.error('data: ' + data.rows.length);
                                        	var WorkCenterNo = data.TextValue;
                                        	//  logger.error('WorkCenterNo: ' + WorkCenterNo);
                                        	// result: INFOTABLE dataShape: "KBListOfMachinesResultDataShape"
                                        	var lines = me.GetListStationFromWorkCenterNo({
                                        		WorkCenter: WorkCenterNo /* STRING */
                                        	});
                                        	var isShapes;
                                        	var paramsL = {
                                        		infoTableName: "InfoTable",
                                        		dataShapeName: "KBLabelPrintCheckNameDS"
                                        	};
                                        
                                        	// CreateInfoTableFromDataShape(infoTableName:STRING("InfoTable"), dataShapeName:STRING):INFOTABLE(KBLabelPrintCheckNameDS)
                                        	var Lines = Resources["InfoTableFunctions"].CreateInfoTableFromDataShape(paramsL);
                                            var dNames;
                                        	if (lines.rows.length > 0) {
                                        		for (var k = 0; k < lines.rows.length; k++) {
                                        			isShapes = Things[lines.rows[k].Machine].GetLocallyImplementedShapes();
                                                    dNames = Things[lines.rows[k].Machine].DisplayName;
                                        			if (isShapes.rows.length > 0) {
                                        				var newEntryL = new Object();
                                                        if(dNames !== undefined && dNames !== ''){
                                        				newEntryL.DisplayName = dNames; // STRING
                                                        newEntryL.name = dNames; // STRING [Primary Key]
                                                        }else{
                                                        newEntryL.DisplayName = lines.rows[k].Machine; // STRING  
                                                         newEntryL.name = lines.rows[k].Machine; // STRING [Primary Key]
                                                        }
                                        				
                                        				newEntryL.thingName = lines.rows[k].Machine; // THINGNAME
                                        				Lines.AddRow(newEntryL);
                                        			}
                                        		}
                                        	}
                                        
                                        //	var params = {
                                        //		infoTableName: "InfoTable",
                                        //		dataShapeName: "KBLabelPrintCheckNameDS"
                                        //	};
                                        //
                                        //	// CreateInfoTableFromDataShape(infoTableName:STRING("InfoTable"), dataShapeName:STRING):INFOTABLE(KBLabelPrintCheckNameDS)
                                        //	var listLines = Resources["InfoTableFunctions"].CreateInfoTableFromDataShape(params);
                                        //	if (lines.rows.length > 0) {
                                        //		for (var i = 0; i < lines.rows.length; i++) {
                                        //			// KBLabelPrintCheckNameDS entry object
                                        //			var newEntry = new Object();
                                        //			newEntry.DisplayName = undefined; // STRING
                                        //			newEntry.name = lines.rows[i].Machine; // STRING [Primary Key]
                                        //			newEntry.thingName = lines.rows[i].Machine; // THINGNAME
                                        //			Lines.AddRow(newEntry);
                                        //		}
                                        //	}
                                        //	result = listLines;
                                            result = Lines;
                                        } else {
                                        	var query = {
                                        		"filters": {
                                        			"type": "EQ",
                                        			"fieldName": "isActive",
                                        			"value": true
                                        		}
                                        	};
                                        
                                        	// result: INFOTABLE dataShape: "RootEntityList"
                                        	var thingList = ThingTemplates["KBLocalStationThingTemplate"].QueryImplementingThingsWithData({
                                        		maxItems: undefined /* NUMBER */ ,
                                        		nameMask: undefined /* STRING */ ,
                                        		query: query /* QUERY */ ,
                                        		tags: undefined /* TAGS */
                                        	});
                                        
                                        	var paramsTL = {
                                        		infoTableName: "thingResult" /* STRING */ ,
                                        		dataShapeName: "KBLabelPrintDS" /* DATASHAPENAME */
                                        	};
                                        
                                        	// result: INFOTABLE
                                        	var thingLists = Resources["InfoTableFunctions"].CreateInfoTableFromDataShape(paramsTL);
                                        
                                        	var tableLength = thingList.rows.length;
                                        	for (var x = 0; x < tableLength; x++) {
                                        		var row = thingList.rows[x];
                                        		//Your code here
                                        		var thingName = row.name;
                                        		// result: THINGNAME
                                        		var dName = row.DisplayName;
                                        		//logger.error("I am here"+dName);
                                        		var testResult = me.checkImplementedDS({
                                        			thingName: thingName /* STRING */
                                        		});
                                        
                                        		if (testResult === true) {
                                        
                                        			thingLists.AddRow({
                                        				name: thingName,
                                        				DisplayName: row.DisplayName
                                        			});
                                        
                                        		}
                                        	}
                                        
                                        
                                        	var params = {
                                        		infoTableName: "checkNames" /* STRING */ ,
                                        		dataShapeName: "KBLabelPrintCheckNameDS" /* DATASHAPENAME */
                                        	};
                                        
                                        	// result: INFOTABLE
                                        	var checkName = Resources["InfoTableFunctions"].CreateInfoTableFromDataShape(params);
                                        
                                        
                                        
                                        	var tableLen = thingLists.rows.length;
                                        	for (var y = 0; y < tableLen; y++) {
                                        		//Your code here
                                        		nameCheck = thingLists.rows[y].DisplayName ? thingLists.rows[y].DisplayName : thingLists.rows[y].name;
                                        		checkName.AddRow({
                                        			name: nameCheck,
                                        			thingName: thingLists.rows[y].name,
                                        			DisplayName: thingLists.rows[y].DisplayName
                                        		});
                                        	}
                                        	result = checkName;
                                        }
                                        ]]>
                                        </code>
                                    </Row>
                                </Rows>
                            </ConfigurationTable>
                        </ConfigurationTables>
                    </ServiceImplementation>
                    <ServiceImplementation
                     description=""
                     handlerName="Script"
                     name="GetDefaultNumberOfLabels">
                        <ConfigurationTables>
                            <ConfigurationTable
                             dataShapeName=""
                             description=""
                             isMultiRow="false"
                             name="Script"
                             ordinal="0">
                                <DataShape>
                                    <FieldDefinitions>
                                        <FieldDefinition
                                         baseType="STRING"
                                         description="code"
                                         name="code"
                                         ordinal="0"></FieldDefinition>
                                    </FieldDefinitions>
                                </DataShape>
                                <Rows>
                                    <Row>
                                        <code>
                                        <![CDATA[
                                        var result = 1;
                                        
                                        if (isBatchPrinting && SerialNumbers.rows.length > 0) {
                                        	result = SerialNumbers.rows.length;
                                        } else if (isBatchPrinting === false && SerialNumbers.rows.length < 1) {
                                        	result = 0;
                                        } else if (isBatchPrinting === true && SerialNumbers.rows.length < 1) {
                                        	result = 0;
                                        }
                                        ]]>
                                        </code>
                                    </Row>
                                </Rows>
                            </ConfigurationTable>
                        </ConfigurationTables>
                    </ServiceImplementation>
                    <ServiceImplementation
                     description=""
                     handlerName="Script"
                     name="GetEmptySerialNumbers">
                        <ConfigurationTables>
                            <ConfigurationTable
                             dataShapeName=""
                             description=""
                             isMultiRow="false"
                             name="Script"
                             ordinal="0">
                                <DataShape>
                                    <FieldDefinitions>
                                        <FieldDefinition
                                         baseType="STRING"
                                         description="code"
                                         name="code"
                                         ordinal="0"></FieldDefinition>
                                    </FieldDefinitions>
                                </DataShape>
                                <Rows>
                                    <Row>
                                        <code>
                                        <![CDATA[
                                        // result: INFOTABLE dataShape: ""
                                        var params = {
                                            infoTableName : "InfoTable",
                                            dataShapeName : "KBLabelPrintOrderNumberDS"
                                        };
                                        
                                        // CreateInfoTableFromDataShape(infoTableName:STRING("InfoTable"), dataShapeName:STRING):INFOTABLE(KBLabelPrintOrderNumberDS)
                                        var result = Resources["InfoTableFunctions"].CreateInfoTableFromDataShape(params);
                                        // KBLabelPrintOrderNumberDS entry object
                                        var newEntry = new Object();
                                        newEntry.SerialNumberExt = ''; // STRING
                                        newEntry.SerialNumber = ''; // STRING
                                        newEntry.OrderNumber = ''; // STRING
                                        newEntry.SerialNumberFull = ''; // STRING
                                        result.AddRow(newEntry);
                                        ]]>
                                        </code>
                                    </Row>
                                </Rows>
                            </ConfigurationTable>
                        </ConfigurationTables>
                    </ServiceImplementation>
                    <ServiceImplementation
                     description=""
                     handlerName="Script"
                     name="GetLabelPrintStatus">
                        <ConfigurationTables>
                            <ConfigurationTable
                             dataShapeName=""
                             description=""
                             isMultiRow="false"
                             name="Script"
                             ordinal="0">
                                <DataShape>
                                    <FieldDefinitions>
                                        <FieldDefinition
                                         baseType="STRING"
                                         description="code"
                                         name="code"
                                         ordinal="0"></FieldDefinition>
                                    </FieldDefinitions>
                                </DataShape>
                                <Rows>
                                    <Row>
                                        <code>
                                        <![CDATA[
                                        try {
                                        	var result = false;
                                        	if (StationName !== null && StationName !== undefined && StationName !== '') {
                                        		if ((Things[StationName].LabelPrinter_printing) && Things[StationName].LabelPrinter != "") {
                                        			result = true;
                                        		}
                                        	}
                                        } catch (e) {
                                        	logger.error("Error in KBManualLabelPrintHelperThing: GetLabelPrintStatus service: the station name is: " + StationName + " " + e);
                                        }
                                        ]]>
                                        </code>
                                    </Row>
                                </Rows>
                            </ConfigurationTable>
                        </ConfigurationTables>
                    </ServiceImplementation>
                    <ServiceImplementation
                     description=""
                     handlerName="Script"
                     name="GetListStationFromWorkCenterNo">
                        <ConfigurationTables>
                            <ConfigurationTable
                             dataShapeName=""
                             description=""
                             isMultiRow="false"
                             name="Script"
                             ordinal="0">
                                <DataShape>
                                    <FieldDefinitions>
                                        <FieldDefinition
                                         baseType="STRING"
                                         description="code"
                                         name="code"
                                         ordinal="0"></FieldDefinition>
                                    </FieldDefinitions>
                                </DataShape>
                                <Rows>
                                    <Row>
                                        <code>
                                        <![CDATA[
                                        try{
                                        // result: INFOTABLE dataShape: "KBListOfMachinesResultDataShape"
                                        var result =  Things["KBKPILocalThingWorxDatabaseThing"].GetListOfPossibleStations({
                                        	TextValue: WorkCenter /* STRING */,
                                        	PropertyKeyV1: 'SAPWorkcenterNumber' /* STRING */,
                                        	PropertyKeyV2: 'KBLocalLineThing' /* STRING */
                                        });
                                        }catch(e){
                                            logger.error('error in GetListStationFromWorkCenterNo service of KBManualLabelPrintHelperThing: ' + e);
                                        }
                                        ]]>
                                        </code>
                                    </Row>
                                </Rows>
                            </ConfigurationTable>
                        </ConfigurationTables>
                    </ServiceImplementation>
                    <ServiceImplementation
                     description=""
                     handlerName="Script"
                     name="getOrderNumber">
                        <ConfigurationTables>
                            <ConfigurationTable
                             dataShapeName=""
                             description=""
                             isMultiRow="false"
                             name="Script"
                             ordinal="0">
                                <DataShape>
                                    <FieldDefinitions>
                                        <FieldDefinition
                                         baseType="STRING"
                                         description="code"
                                         name="code"
                                         ordinal="0"></FieldDefinition>
                                    </FieldDefinitions>
                                </DataShape>
                                <Rows>
                                    <Row>
                                        <code>
                                        <![CDATA[
                                        try {
                                        	var params = {
                                        		infoTableName: "InfoTable",
                                        		dataShapeName: "KBLabelPrintOrderNumberDS"
                                        	};
                                        
                                        	// CreateInfoTableFromDataShape(infoTableName:STRING("InfoTable"), dataShapeName:STRING):INFOTABLE(KBLabelPrintOrderNumberDS)
                                        	var result = Resources["InfoTableFunctions"].CreateInfoTableFromDataShape(params);
                                        	if (orderNo !== '' && orderNo !== undefined) {
                                        
                                        		// KBLabelPrintOrderNumberDS entry object
                                        		var newEntry = new Object();
                                        		newEntry.SerialNumberExt = undefined; // STRING
                                        		newEntry.SerialNumber = undefined; // STRING
                                        		newEntry.OrderNumber = orderNo; // STRING
                                        		newEntry.SerialNumberFull = undefined; // STRING
                                        		result.AddRow(newEntry);
                                        		//result = orderNo;
                                        	} else {
                                        		// result: INFOTABLE dataShape: ""
                                        //        result = Things["KBKPILocalThingWorxDatabaseThing"].GetLabelofPrinterandNonPrintedOrders({
                                        //			SAPWorkcenterNumber: WorkcenterNumber /* STRING */
                                        //		});
                                        		result = Things["KBKPILocalThingWorxDatabaseThing"].LabelPrintOrderNumber({
                                        			SAPWorkcenterNumber: WorkcenterNumber /* STRING */
                                        		});
                                        	}
                                        } catch (e) {
                                        	logger.error('error in getOrderNumber srvice of KBManualLabelPrintHelperThing: ' + e);
                                        }
                                        ]]>
                                        </code>
                                    </Row>
                                </Rows>
                            </ConfigurationTable>
                        </ConfigurationTables>
                    </ServiceImplementation>
                    <ServiceImplementation
                     description=""
                     handlerName="Script"
                     name="GetOverallPrintStatus">
                        <ConfigurationTables>
                            <ConfigurationTable
                             dataShapeName=""
                             description=""
                             isMultiRow="false"
                             name="Script"
                             ordinal="0">
                                <DataShape>
                                    <FieldDefinitions>
                                        <FieldDefinition
                                         baseType="STRING"
                                         description="code"
                                         name="code"
                                         ordinal="0"></FieldDefinition>
                                    </FieldDefinitions>
                                </DataShape>
                                <Rows>
                                    <Row>
                                        <code>
                                        <![CDATA[
                                        try {
                                        	var result = false;
                                        	if (StationName !== null && StationName !== undefined && StationName !== '') {
                                        		var labelPrintStatus = me.GetLabelPrintStatus({
                                        			StationName: StationName
                                        		});
                                        		var protocolPrintStatus = me.GetProtocolPrintStatus({
                                        			StationName: StationName /* STRING */ ,
                                        			OrderNumber: OrderNumber /* STRING */
                                        		});
                                        		var packagingLabelPrintStatus = me.GetPackagingLabelPrintStatus({
                                        			StationName: StationName
                                        		});
                                        		if (labelPrintStatus || protocolPrintStatus || packagingLabelPrintStatus) {
                                        			result = true;
                                        		}
                                        	}
                                        } catch (e) {
                                        	logger.error("Error in KBManualLabelPrintHelperThing: GetOverallPrintStatus service: the station name is: " + StationName + " " + e);
                                        }
                                        ]]>
                                        </code>
                                    </Row>
                                </Rows>
                            </ConfigurationTable>
                        </ConfigurationTables>
                    </ServiceImplementation>
                    <ServiceImplementation
                     description=""
                     handlerName="Script"
                     name="GetPackagingLabelPrintStatus">
                        <ConfigurationTables>
                            <ConfigurationTable
                             dataShapeName=""
                             description=""
                             isMultiRow="false"
                             name="Script"
                             ordinal="0">
                                <DataShape>
                                    <FieldDefinitions>
                                        <FieldDefinition
                                         baseType="STRING"
                                         description="code"
                                         name="code"
                                         ordinal="0"></FieldDefinition>
                                    </FieldDefinitions>
                                </DataShape>
                                <Rows>
                                    <Row>
                                        <code>
                                        <![CDATA[
                                        try {
                                        	var result = false;
                                        	if (StationName !== null && StationName !== undefined && StationName !== '') {
                                        		if ((Things[StationName].PackagingPrinter_printing) && Things[StationName].PackagingPrinter != "") {
                                        			result = true;
                                        		}
                                        	}
                                        } catch (e) {
                                        	logger.error("Error in KBManualLabelPrintHelperThing: GetPackagingLabelPrintStatus service: the station name is: " + StationName + " " + e);
                                        }
                                        ]]>
                                        </code>
                                    </Row>
                                </Rows>
                            </ConfigurationTable>
                        </ConfigurationTables>
                    </ServiceImplementation>
                    <ServiceImplementation
                     description=""
                     handlerName="Script"
                     name="GetProtocolPrintStatus">
                        <ConfigurationTables>
                            <ConfigurationTable
                             dataShapeName=""
                             description=""
                             isMultiRow="false"
                             name="Script"
                             ordinal="0">
                                <DataShape>
                                    <FieldDefinitions>
                                        <FieldDefinition
                                         baseType="STRING"
                                         description="code"
                                         name="code"
                                         ordinal="0"></FieldDefinition>
                                    </FieldDefinitions>
                                </DataShape>
                                <Rows>
                                    <Row>
                                        <code>
                                        <![CDATA[
                                        try {
                                        	var result = false;
                                        	if (OrderNumber !== null && OrderNumber !== undefined && OrderNumber !== '') {
                                        		var orderMaterialNumber = Things["KBKPILocalThingWorxDatabaseThing"].GetOrderData({
                                        			OrderNumber: OrderNumber /* STRING */ ,
                                        			PropertyKey: "MaterialNumber" /* STRING */ ,
                                        			System: "KBRailSAPServer" /* STRING */
                                        		});
                                        		var PartNumber;
                                        		if (orderMaterialNumber !== undefined && orderMaterialNumber !== null) {
                                        			if (orderMaterialNumber.rows.length > 0) {
                                        				PartNumber = orderMaterialNumber.rows[0].TextValue;
                                        //                logger.error('PartNumber = orderMaterialNumber.rows[0].TextValue ' + orderMaterialNumber.rows[0].TextValue);
                                        //                logger.error('MaterialNumber property key is missing for OrderNumber: ' + OrderNumber);
                                        			}
                                        		} else {
                                        			logger.error('MaterialNumber property key is missing for OrderNumber: ' + OrderNumber);
                                                    PartNumber = '';
                                        		}
                                        
                                        		//        logger.error('PartNumber: ' + PartNumber);
                                        
                                        		var getData = Things["KBKPILocalThingWorxDatabaseThing"].GetOrderData({
                                        			OrderNumber: PartNumber /* STRING */ ,
                                        			PropertyKey: 'PROTOCOL_PRINTING' /* STRING */ ,
                                        			System: 'ManualPartData' /* STRING */
                                        		});
                                        		var protocolPrinting;
                                        		if (getData !== undefined && getData !== null) {
                                        			if (getData.rows.length > 0) {
                                        				protocolPrinting = getData.rows[0].TextValue;
                                        			}
                                        		}
                                        		//		var protocolPrinting = getData.rows[0].TextValue;
                                        		//        logger.error('protocolPrinting: ' + protocolPrinting);
                                        		var manualprotocolPrintingValuetrim;
                                        		var manualprotocolPrintingValue = '';
                                        		if (protocolPrinting !== undefined && protocolPrinting !== null && protocolPrinting !== '' && protocolPrinting !== ' ' && protocolPrinting !== 'undefined') {
                                        			manualprotocolPrintingValuetrim = protocolPrinting.trim();
                                        			manualprotocolPrintingValue = manualprotocolPrintingValuetrim.toUpperCase();
                                        		}
                                        		if (StationName !== null && StationName !== undefined && StationName !== '') {
                                        			if (manualprotocolPrintingValue == 'YES') {
                                        				if ((Things[StationName].ConventionalPrinter_printing) && Things[StationName].ConventionalPrinter != "" && Things[StationName].ProtocolTemplateName != "") {
                                        					result = true;
                                        				}
                                        			}
                                        		}
                                        	}
                                        } catch (e) {
                                        	logger.error("Error in KBManualLabelPrintHelperThing: GetProtocolPrintStatus service: the station name is: " + StationName + " " + e);
                                        }
                                        ]]>
                                        </code>
                                    </Row>
                                </Rows>
                            </ConfigurationTable>
                        </ConfigurationTables>
                    </ServiceImplementation>
                    <ServiceImplementation
                     description=""
                     handlerName="Script"
                     name="getSerialNumber">
                        <ConfigurationTables>
                            <ConfigurationTable
                             dataShapeName=""
                             description=""
                             isMultiRow="false"
                             name="Script"
                             ordinal="0">
                                <DataShape>
                                    <FieldDefinitions>
                                        <FieldDefinition
                                         baseType="STRING"
                                         description="code"
                                         name="code"
                                         ordinal="0"></FieldDefinition>
                                    </FieldDefinitions>
                                </DataShape>
                                <Rows>
                                    <Row>
                                        <code>
                                        <![CDATA[
                                        // result: INFOTABLE dataShape: ""
                                        var result =  Things["KBKPILocalThingWorxDatabaseThing"].LabelPrintSerialNumber({
                                        	showAlreadyPrintedSerialNumbers: showAlreadyPrintedSerialNumbers /* BOOLEAN */,
                                        	OrderNumber: OrderNumber /* STRING */
                                        });
                                        ]]>
                                        </code>
                                    </Row>
                                </Rows>
                            </ConfigurationTable>
                        </ConfigurationTables>
                    </ServiceImplementation>
                    <ServiceImplementation
                     description=""
                     handlerName="Script"
                     name="GetWorkCenterNoFromOrderNo">
                        <ConfigurationTables>
                            <ConfigurationTable
                             dataShapeName=""
                             description=""
                             isMultiRow="false"
                             name="Script"
                             ordinal="0">
                                <DataShape>
                                    <FieldDefinitions>
                                        <FieldDefinition
                                         baseType="STRING"
                                         description="code"
                                         name="code"
                                         ordinal="0"></FieldDefinition>
                                    </FieldDefinitions>
                                </DataShape>
                                <Rows>
                                    <Row>
                                        <code>
                                        <![CDATA[
                                        try {
                                        	// result: INFOTABLE dataShape: "KBOrderResultDataShape"
                                        	var result = Things["KBKPILocalThingWorxDatabaseThing"].GetOrderData({
                                        		OrderNumber: OrderNo /* STRING */ ,
                                        		PropertyKey: 'Line%' /* STRING */ ,
                                        		System: 'KBRailSAPServer' /* STRING */
                                        	});
                                        } catch (e) {
                                        	logger.error('error in GetWorkCenterNoFromOrderNo service of KBManualLabelPrintHelperThing: ' + e);
                                        }
                                        ]]>
                                        </code>
                                    </Row>
                                </Rows>
                            </ConfigurationTable>
                        </ConfigurationTables>
                    </ServiceImplementation>
                    <ServiceImplementation
                     description=""
                     handlerName="Script"
                     name="PrintButtonState">
                        <ConfigurationTables>
                            <ConfigurationTable
                             dataShapeName=""
                             description=""
                             isMultiRow="false"
                             name="Script"
                             ordinal="0">
                                <DataShape>
                                    <FieldDefinitions>
                                        <FieldDefinition
                                         baseType="STRING"
                                         description="code"
                                         name="code"
                                         ordinal="0"></FieldDefinition>
                                    </FieldDefinitions>
                                </DataShape>
                                <Rows>
                                    <Row>
                                        <code>
                                        <![CDATA[
                                        result=State;
                                        ]]>
                                        </code>
                                    </Row>
                                </Rows>
                            </ConfigurationTable>
                        </ConfigurationTables>
                    </ServiceImplementation>
                    <ServiceImplementation
                     description=""
                     handlerName="Script"
                     name="PrintLabel">
                        <ConfigurationTables>
                            <ConfigurationTable
                             dataShapeName=""
                             description=""
                             isMultiRow="false"
                             name="Script"
                             ordinal="0">
                                <DataShape>
                                    <FieldDefinitions>
                                        <FieldDefinition
                                         baseType="STRING"
                                         description="code"
                                         name="code"
                                         ordinal="0"></FieldDefinition>
                                    </FieldDefinitions>
                                </DataShape>
                                <Rows>
                                    <Row>
                                        <code>
                                        <![CDATA[
                                        var printStart = false;
                                        var result = "";
                                        var printedLabels = 0;
                                        
                                        
                                        var tableLength = SerialNumbers.rows.length;
                                        for (var x=0; x < tableLength; x++) {
                                            var row = SerialNumbers.rows[x];
                                            //Your code here
                                        	if (row.SerialNumber == SerialNumber)  {
                                                printStart = true;
                                            }
                                            
                                            if (printStart) {
                                                if (Things[StationThing].ManualLabelPrint({
                                                        OrderNumber: OrderNumber /* STRING */,
                                                        SerialNumber: row.SerialNumber,
                                                		SerialNumberFull: row.SerialNumberFull,
                                                		PrintPDFProtocol: PrintPDFProtocol,
                                                		PrintPackagingLabel: PrintPackagingLabel,
                                                		PrintProductLabel: PrintProductLabel,
                                                		PrintProductLabelANSI: PrintProductLabelANSI}) == 10) {
                                        	        printedLabels++;
                                                }
                                                result = "Label print "+ printedLabels +" out of "+loopCount+" for Order "+OrderNumber+" triggered successfully";
                                            }   
                                            if (printedLabels >= loopCount) {
                                                break;
                                        	}        
                                        }
                                        ]]>
                                        </code>
                                    </Row>
                                </Rows>
                            </ConfigurationTable>
                        </ConfigurationTables>
                    </ServiceImplementation>
                    <ServiceImplementation
                     description=""
                     handlerName="Script"
                     name="ResultOutput">
                        <ConfigurationTables>
                            <ConfigurationTable
                             dataShapeName=""
                             description=""
                             isMultiRow="false"
                             name="Script"
                             ordinal="0">
                                <DataShape>
                                    <FieldDefinitions>
                                        <FieldDefinition
                                         baseType="STRING"
                                         description="code"
                                         name="code"
                                         ordinal="0"></FieldDefinition>
                                    </FieldDefinitions>
                                </DataShape>
                                <Rows>
                                    <Row>
                                        <code>
                                        <![CDATA[
                                        if(PrintLabelResult == 10){
                                            result = "Label print for Order "+OrderNumber+" triggered successfully";
                                        }else{
                                            result = "No free Serial number available for Order Number "+OrderNumber;
                                        }
                                        ]]>
                                        </code>
                                    </Row>
                                </Rows>
                            </ConfigurationTable>
                        </ConfigurationTables>
                    </ServiceImplementation>
                    <ServiceImplementation
                     description=""
                     handlerName="Script"
                     name="selectedThings">
                        <ConfigurationTables>
                            <ConfigurationTable
                             dataShapeName=""
                             description=""
                             isMultiRow="false"
                             name="Script"
                             ordinal="0">
                                <DataShape>
                                    <FieldDefinitions>
                                        <FieldDefinition
                                         baseType="STRING"
                                         description="code"
                                         name="code"
                                         ordinal="0"></FieldDefinition>
                                    </FieldDefinitions>
                                </DataShape>
                                <Rows>
                                    <Row>
                                        <code>
                                        <![CDATA[
                                        try {
                                            var result = '';
                                        	if (thingName !== null && thingName !== undefined && thingName !== '') {
                                        		if ((Things[(Things[thingName].KBLocalLineThing)].GetThingTemplate()).rows[0].name == "KBLocalMachineThingTemplate") {
                                        			var KBLocalLineThingName = Things[thingName].KBLocalLineThing;
                                        			var SAPWorkcenterNumberValue = Things[KBLocalLineThingName].SAPWorkcenterNumber;
                                        			result = SAPWorkcenterNumberValue;
                                        		}
                                        	}
                                        } catch (e) {
                                        	logger.error('error in selectedThings service of KBManualLabelPrintHelperThing: ' + thingName);
                                        }
                                        ]]>
                                        </code>
                                    </Row>
                                </Rows>
                            </ConfigurationTable>
                        </ConfigurationTables>
                    </ServiceImplementation>
                </ServiceImplementations>
                <Subscriptions></Subscriptions>
            </ThingShape>
            <PropertyBindings></PropertyBindings>
            <RemotePropertyBindings></RemotePropertyBindings>
            <RemoteServiceBindings></RemoteServiceBindings>
            <RemoteEventBindings></RemoteEventBindings>
            <AlertConfigurations></AlertConfigurations>
            <ImplementedShapes></ImplementedShapes>
            <ThingProperties></ThingProperties>
        </Thing>
    </Things>
</Entities>
