<?xml version="1.0" encoding="UTF-8"?>
<Entities build="b167" majorVersion="8" minorVersion="2"
	modelPersistenceProviderPackage="MssqlPersistenceProviderPackage"
	revision="2" schemaVersion="1020" universal="">
	<Things>
		<Thing description="" documentationContent=""
			effectiveThingPackage="FileRepositoryThing" enabled="true"
			homeMashup="" identifier=""
			lastModifiedDate="2018-09-28T10:34:26.507+02:00"
			name="KB_MS_LabelRepository" projectName="KB_MS_LinePrinting"
			published="false" tags="" thingTemplate="FileRepository"
			valueStream="">
			<avatar></avatar>
			<DesignTimePermissions>
				<Create></Create>
				<Read></Read>
				<Update></Update>
				<Delete></Delete>
				<Metadata></Metadata>
			</DesignTimePermissions>
			<RunTimePermissions>
				<Permissions resourceName="*">
					<PropertyRead>
						<Principal isPermitted="true"
							name="KBLabelPrintUserGroup_V1" type="Group"></Principal>
					</PropertyRead>
					<PropertyWrite>
						<Principal isPermitted="true"
							name="KBLabelPrintUserGroup_V1" type="Group"></Principal>
					</PropertyWrite>
					<ServiceInvoke>
						<Principal isPermitted="true"
							name="KBLabelPrintUserGroup_V1" type="Group"></Principal>
					</ServiceInvoke>
					<EventInvoke>
						<Principal isPermitted="true"
							name="KBLabelPrintUserGroup_V1" type="Group"></Principal>
					</EventInvoke>
					<EventSubscribe></EventSubscribe>
				</Permissions>
			</RunTimePermissions>
			<VisibilityPermissions>
				<Visibility>
					<Principal isPermitted="true" name="KBBackGroundWorker"
						type="Organization"></Principal>
					<Principal isPermitted="true" name="KBOrganization"
						type="Organization"></Principal>
				</Visibility>
			</VisibilityPermissions>
			<ConfigurationTables></ConfigurationTables>
			<ThingShape>
				<PropertyDefinitions></PropertyDefinitions>
				<ServiceDefinitions></ServiceDefinitions>
				<EventDefinitions></EventDefinitions>
				<ServiceMappings></ServiceMappings>
				<ServiceImplementations></ServiceImplementations>
				<Subscriptions></Subscriptions>
			</ThingShape>
			<PropertyBindings></PropertyBindings>
			<RemotePropertyBindings></RemotePropertyBindings>
			<RemoteServiceBindings></RemoteServiceBindings>
			<RemoteEventBindings></RemoteEventBindings>
			<AlertConfigurations></AlertConfigurations>
			<ImplementedShapes></ImplementedShapes>
			<ThingProperties></ThingProperties>
		</Thing>
	</Things>
</Entities>
