<?xml version="1.0" encoding="UTF-8"?>
<Entities build="b628" majorVersion="9" minorVersion="0"
	modelPersistenceProviderPackage="MssqlPersistenceProviderPackage"
	revision="10" schemaVersion="1109" universal="password">
	<Things>
		<Thing description="" documentationContent=""
			effectiveThingPackage="ConfiguredThing" enabled="true" homeMashup=""
			identifier="" inheritedValueStream=""
			lastModifiedDate="2022-01-13T08:32:14.519Z"
			name="KBFTPServer2KBLabelPrinterFtpTemplateMigrationHelperThing"
			projectName="" published="false" tags="" thingTemplate="GenericThing"
			valueStream="">
			<avatar></avatar>
			<DesignTimePermissions>
				<Create></Create>
				<Read></Read>
				<Update></Update>
				<Delete></Delete>
				<Metadata></Metadata>
			</DesignTimePermissions>
			<RunTimePermissions></RunTimePermissions>
			<VisibilityPermissions>
				<Visibility></Visibility>
			</VisibilityPermissions>
			<ConfigurationTableDefinitions></ConfigurationTableDefinitions>
			<ConfigurationTables></ConfigurationTables>
			<ThingShape>
				<PropertyDefinitions></PropertyDefinitions>
				<ServiceDefinitions>
					<ServiceDefinition aspect.isAsync="false"
						category="" description="" isAllowOverride="false"
						isLocalOnly="false" isOpen="false" isPrivate="false"
						name="KBFTPServer2KBLabelPrinterFtpTemplateMigration">
						<ResultType baseType="INFOTABLE" description=""
							name="result" ordinal="0"></ResultType>
						<ParameterDefinitions>
							<FieldDefinition aspect.defaultValue="false"
								baseType="BOOLEAN" description=""
								name="MigratePrinerNamesOnStationThing" ordinal="2"></FieldDefinition>
							<FieldDefinition aspect.defaultValue="false"
								baseType="BOOLEAN" description="" name="SetIpOnNewFTPThing"
								ordinal="1"></FieldDefinition>
						</ParameterDefinitions>
					</ServiceDefinition>
				</ServiceDefinitions>
				<EventDefinitions></EventDefinitions>
				<ServiceMappings></ServiceMappings>
				<ServiceImplementations>
					<ServiceImplementation description=""
						handlerName="Script"
						name="KBFTPServer2KBLabelPrinterFtpTemplateMigration">
						<ConfigurationTables>
							<ConfigurationTable dataShapeName=""
								description="" isMultiRow="false" name="Script" ordinal="0">
								<DataShape>
									<FieldDefinitions>
										<FieldDefinition baseType="STRING"
											description="code" name="code" ordinal="0"></FieldDefinition>
									</FieldDefinitions>
								</DataShape>
								<Rows>
									<Row>
										<code>
                                        <![CDATA[
                                        // result: INFOTABLE dataShape: "SpotlightSearchWithPersistent"
                                            var ftpthings = Resources["SearchFunctions"].SearchThingsByTemplateWithPersistent({
                                            	maxItems: undefined /* NUMBER */ ,
                                            	nameMask: undefined /* STRING */ ,
                                            	thingTemplate: "FTPServer" /* THINGTEMPLATENAME */
                                            });
                                            var newField1 = new Object();
                                            newField1.name = "IP";
                                            newField1.baseType = 'STRING';
                                            ftpthings.AddField(newField1);
                                        
                                            var stationthings = Resources["SearchFunctions"].SearchThingsByTemplateWithPersistent({
                                                maxItems: undefined /* NUMBER */ ,
                                                nameMask: undefined /* STRING */ ,
                                                thingTemplate: "KBLocalStationThingTemplate" /* THINGTEMPLATENAME */
                                            });
                                        
                                            var newField2 = new Object();
                                            newField2.name = "KBMILTestBenchReceiverThingShape";
                                            newField2.baseType = 'BOOLEAN';
                                            stationthings.AddField(newField2);
                                        
                                            var newField3 = new Object();
                                            newField3.name = "LabelPrinter";
                                            newField3.baseType = 'THINGNAME';
                                            stationthings.AddField(newField3);
                                        
                                            var newField4 = new Object();
                                            newField4.name = "PackagingPrinter";
                                            newField4.baseType = 'THINGNAME';
                                            stationthings.AddField(newField4);
                                        
                                            var newField5 = new Object();
                                            newField5.name = "ChangeNameLabelPrinter";
                                            newField5.baseType = 'BOOLEAN';
                                            stationthings.AddField(newField5);
                                        
                                            var newField6 = new Object();
                                            newField6.name = "ChangeNamePackagingPrinter";
                                            newField6.baseType = 'BOOLEAN';
                                            stationthings.AddField(newField6);
                                        
                                            var newField7 = new Object();
                                            newField7.name = "NewNameLabelPrinter";
                                            newField7.baseType = 'THINGNAME';
                                            stationthings.AddField(newField7);
                                        
                                            var newField8 = new Object();
                                            newField8.name = "NewNamePackagingPrinter";
                                            newField8.baseType = 'THINGNAME';
                                            stationthings.AddField(newField8);
                                        
                                            var ftpTableLength = ftpthings.rows.length;
                                            for (var x = 0; x < ftpTableLength; x++) {
                                            	var ftpthing = ftpthings.rows[x];
                                            	//Your code here
                                        
                                                var deviceThingName = ftpthing.name+"KBLabelPrinterFtpThing";
                                                var valueStreamThingName = ftpthing.name+"KBLabelPrinterFtpValueStream";
                                            	// result: BOOLEAN
                                            	if (!Resources["PTC.Factory.CommonUtilities"].DoesThingExists({
                                            			thingName: valueStreamThingName /* STRING */
                                            		})) {
                                                    // no return
                                                    Resources["EntityServices"].CreateThing({
                                                        name: valueStreamThingName /* STRING */,
                                                        description: "Value Stream for " + deviceThingName /* STRING */,
                                                        thingTemplateName: "ValueStream" /* THINGTEMPLATENAME */,
                                                        tags: "KBThingWorxAdministrationVocabulary:Administrated" /* TAGS */
                                                    });
                                                    Things[valueStreamThingName].EnableThing();
                                                    Things[valueStreamThingName].RestartThing();
                                        
                                                    // no return
                                                    Things[valueStreamThingName].SetProjectName({
                                                        projectName: "KBsmartKPI" /* PROJECTNAME */
                                                    });
                                                }
                                        
                                            	if (!Resources["PTC.Factory.CommonUtilities"].DoesThingExists({
                                            			thingName: deviceThingName /* STRING */
                                            		})) {
                                                    // no return
                                                    Resources["EntityServices"].CreateThing( {
                                                        name: deviceThingName /* STRING */,
                                                        description: "Auto-Created by KBFTPServer2KBLabelPrinterFtpTemplateMigration" /* STRING */,
                                                        thingTemplateName: "KBLabelPrinterFtpTemplate" /* THINGTEMPLATENAME */,
                                                        tags: "KBThingWorxAdministrationVocabulary:Administrated" /* TAGS */
                                                                                        });
                                                    Things[deviceThingName].EnableThing();
                                                    Things[deviceThingName].RestartThing();
                                                    // no return
                                                    Things[deviceThingName].SetValueStream({
                                                        name: valueStreamThingName /* THINGNAME */
                                                    });
                                                                                        
                                                    // no return
                                                    Things[deviceThingName].SetProjectName({
                                                        projectName: "KBsmartKPI" /* PROJECTNAME */
                                                    });
                                                }
                                                if (SetIpOnNewFTPThing){
                                                    // table: INFOTABLE dataShape: ""
                                                    var table = Things[ftpthing.name].GetConfigurationTable({
                                                        tableName: "ConnectionInfo" /* STRING */
                                                    });
                                                    //result = table.ToJSON();
                                                    //result=row.name;
                                                    
                                                    ftpthing.IP = table[0].FTPServer;
                                                    Things[deviceThingName].IP = table[0].FTPServer;
                                                }
                                                if (MigratePrinerNamesOnStationThing){
                                                    var stationTableLength = stationthings.rows.length;
                                                    for (var xx = 0; xx < stationTableLength; xx++) {
                                                        var stationthing = stationthings.rows[xx];
                                                        //Your code here
                                                        // result: BOOLEAN
                                        				if (Things[stationthing.name].ImplementsShape({
                                                            thingShapeName: "KBMILTestBenchReceiverThingShape" /* THINGSHAPENAME */
                                                        })){
                                                            stationthing.KBMILTestBenchReceiverThingShape=true;
                                                            stationthing.LabelPrinter = Things[stationthing.name].LabelPrinter;
                                                            stationthing.PackagingPrinter = Things[stationthing.name].PackagingPrinter;
                                                            for (var xxx = 0; xxx < ftpTableLength; xxx++) {
                                                                var ftpthing1 = ftpthings.rows[xxx];
                                                                if (ftpthing1.name == Things[stationthing.name].LabelPrinter){
                                        		                    stationthing.ChangeNameLabelPrinter=true;
                                                                    Things[stationthing.name].LabelPrinter= ftpthing1.name+"KBLabelPrinterFtpThing";
                                        		                    stationthing.NewNameLabelPrinter=Things[stationthing.name].LabelPrinter;
                                                                }
                                                                if (ftpthing1.name == Things[stationthing.name].PackagingPrinter){
                                        		                    stationthing.ChangeNamePackagingPrinter=true;
                                                                    Things[stationthing.name].PackagingPrinter= ftpthing1.name+"KBLabelPrinterFtpThing";
                                        		                    stationthing.NewNamePackagingPrinter=Things[stationthing.name].PackagingPrinter;
                                                                }
                                                            }
                                                        }
                                                    }
                                                }
                                            }
                                        
                                        	result = stationthings;
                                        ]]>
										</code>
									</Row>
								</Rows>
							</ConfigurationTable>
						</ConfigurationTables>
					</ServiceImplementation>
				</ServiceImplementations>
				<Subscriptions></Subscriptions>
			</ThingShape>
			<PropertyBindings></PropertyBindings>
			<RemotePropertyBindings></RemotePropertyBindings>
			<RemoteServiceBindings></RemoteServiceBindings>
			<RemoteEventBindings></RemoteEventBindings>
			<AlertConfigurations></AlertConfigurations>
			<ImplementedShapes></ImplementedShapes>
			<ThingProperties></ThingProperties>
		</Thing>
	</Things>
</Entities>
