<?xml version="1.0" encoding="UTF-8"?>
<Entities
 majorVersion="9"
 minorVersion="3"
 universal="password">
    <ThingShapes>
        <ThingShape
         className=""
         description=""
         documentationContent=""
         homeMashup=""
         name="KBMILTestBenchReceiverThingShape"
         projectName="KBsmartKPI"
         tags="KBThingWorxAdministrationVocabulary:Administrated;KBThingWorxInstallationVocabulary:ExtensionLocalSmartKPIConfiguration">
            <PropertyDefinitions>
                <PropertyDefinition
                 aspect.cacheTime="0.0"
                 aspect.dataChangeType="VALUE"
                 aspect.defaultValue="false"
                 aspect.isPersistent="true"
                 baseType="BOOLEAN"
                 category=""
                 description=""
                 isLocalOnly="false"
                 name="AutomaticTestBench"
                 ordinal="9"></PropertyDefinition>
                <PropertyDefinition
                 aspect.cacheTime="0.0"
                 aspect.dataChangeType="VALUE"
                 aspect.isLogged="false"
                 aspect.isPersistent="true"
                 aspect.isReadOnly="false"
                 baseType="STRING"
                 category=""
                 description=""
                 isLocalOnly="false"
                 name="ConventionalPrinter"
                 ordinal="8"></PropertyDefinition>
                <PropertyDefinition
                 aspect.cacheTime="0.0"
                 aspect.dataChangeType="VALUE"
                 aspect.defaultValue="false"
                 aspect.isLogged="false"
                 aspect.isPersistent="true"
                 aspect.isReadOnly="false"
                 baseType="BOOLEAN"
                 category=""
                 description=""
                 isLocalOnly="false"
                 name="ConventionalPrinter_printing"
                 ordinal="7"></PropertyDefinition>
                <PropertyDefinition
                 aspect.cacheTime="0.0"
                 aspect.dataChangeType="VALUE"
                 aspect.isLogged="false"
                 aspect.isPersistent="true"
                 aspect.isReadOnly="false"
                 baseType="THINGNAME"
                 category=""
                 description=""
                 isLocalOnly="false"
                 name="LabelPrinter"
                 ordinal="5"></PropertyDefinition>
                <PropertyDefinition
                 aspect.cacheTime="0.0"
                 aspect.dataChangeType="VALUE"
                 aspect.defaultValue="false"
                 aspect.isLogged="false"
                 aspect.isPersistent="true"
                 aspect.isReadOnly="false"
                 baseType="BOOLEAN"
                 category=""
                 description=""
                 isLocalOnly="false"
                 name="LabelPrinter_printing"
                 ordinal="2"></PropertyDefinition>
                <PropertyDefinition
                 aspect.cacheTime="0.0"
                 aspect.dataChangeType="VALUE"
                 aspect.isLogged="false"
                 aspect.isPersistent="true"
                 aspect.isReadOnly="false"
                 baseType="THINGNAME"
                 category=""
                 description=""
                 isLocalOnly="false"
                 name="PackagingPrinter"
                 ordinal="6"></PropertyDefinition>
                <PropertyDefinition
                 aspect.cacheTime="0.0"
                 aspect.dataChangeType="VALUE"
                 aspect.defaultValue="false"
                 aspect.isLogged="false"
                 aspect.isPersistent="true"
                 aspect.isReadOnly="false"
                 baseType="BOOLEAN"
                 category=""
                 description=""
                 isLocalOnly="false"
                 name="PackagingPrinter_printing"
                 ordinal="3"></PropertyDefinition>
                <PropertyDefinition
                 aspect.cacheTime="0.0"
                 aspect.dataChangeType="VALUE"
                 aspect.isLogged="false"
                 aspect.isPersistent="true"
                 aspect.isReadOnly="false"
                 baseType="STRING"
                 category=""
                 description=""
                 isLocalOnly="false"
                 name="ProtocolTemplateName"
                 ordinal="7"></PropertyDefinition>
            </PropertyDefinitions>
            <ServiceDefinitions>
                <ServiceDefinition
                 aspect.isAsync="false"
                 category=""
                 description=""
                 isAllowOverride="false"
                 isLocalOnly="false"
                 isOpen="false"
                 isPrivate="false"
                 name="ConfirmFinalTestResult">
                    <ResultType
                     baseType="INTEGER"
                     description="10&#x9;Processing OK, Labelprinting triggered&#xA;11&#x9;Processing OK, Labelprinting not triggered&#xA;20&#x9;Processing Error, unknown Order-Number&#xA;21&#x9;Processing Error, no Serial Numbers available&#xA;29&#x9;Processing Error, unknown Error&#xA;"
                     name="result"
                     ordinal="0"></ResultType>
                    <ParameterDefinitions>
                        <FieldDefinition
                         aspect.isRequired="true"
                         baseType="STRING"
                         description=""
                         name="InternalTestID"
                         ordinal="2"></FieldDefinition>
                        <FieldDefinition
                         aspect.isRequired="true"
                         baseType="STRING"
                         description=""
                         name="OrderNumber"
                         ordinal="1"></FieldDefinition>
                        <FieldDefinition
                         aspect.isRequired="true"
                         aspect.maximumValue="1"
                         aspect.minimumValue="0"
                         baseType="INTEGER"
                         description="1 = OK, 0 = NOK"
                         name="TestResult"
                         ordinal="3"></FieldDefinition>
                    </ParameterDefinitions>
                </ServiceDefinition>
                <ServiceDefinition
                 aspect.isAsync="false"
                 category=""
                 description=""
                 isAllowOverride="false"
                 isLocalOnly="false"
                 isOpen="false"
                 isPrivate="false"
                 name="ManualLabelPrint">
                    <ResultType
                     baseType="INTEGER"
                     description="10&#x9;Processing OK, Labelprinting triggered&#xA;11&#x9;Processing OK, Labelprinting not triggered&#xA;20&#x9;Processing Error, unknown Order-Number&#xA;21&#x9;Processing Error, no Serial Numbers available&#xA;29&#x9;Processing Error, unknown Error&#xA;"
                     name="result"
                     ordinal="0"></ResultType>
                    <ParameterDefinitions>
                        <FieldDefinition
                         aspect.isRequired="true"
                         baseType="STRING"
                         description=""
                         name="OrderNumber"
                         ordinal="1"></FieldDefinition>
                        <FieldDefinition
                         aspect.defaultValue="true"
                         baseType="BOOLEAN"
                         description=""
                         name="PrintPackagingLabel"
                         ordinal="4"></FieldDefinition>
                        <FieldDefinition
                         aspect.defaultValue="true"
                         baseType="BOOLEAN"
                         description=""
                         name="PrintPDFProtocol"
                         ordinal="6"></FieldDefinition>
                        <FieldDefinition
                         aspect.defaultValue="true"
                         baseType="BOOLEAN"
                         description=""
                         name="PrintProductLabel"
                         ordinal="5"></FieldDefinition>
                        <FieldDefinition
                         aspect.defaultValue="true"
                         baseType="BOOLEAN"
                         description=""
                         name="PrintProductLabelANSI"
                         ordinal="7"></FieldDefinition>
                        <FieldDefinition
                         baseType="STRING"
                         description=""
                         name="SerialNumber"
                         ordinal="4"></FieldDefinition>
                        <FieldDefinition
                         baseType="STRING"
                         description=""
                         name="SerialNumberFull"
                         ordinal="3"></FieldDefinition>
                    </ParameterDefinitions>
                </ServiceDefinition>
            </ServiceDefinitions>
            <EventDefinitions></EventDefinitions>
            <ServiceMappings></ServiceMappings>
            <ServiceImplementations>
                <ServiceImplementation
                 description=""
                 handlerName="Script"
                 name="ConfirmFinalTestResult">
                    <ConfigurationTables>
                        <ConfigurationTable
                         dataShapeName=""
                         description="Script"
                         isMultiRow="false"
                         name="Script"
                         ordinal="0">
                            <DataShape>
                                <FieldDefinitions>
                                    <FieldDefinition
                                     baseType="STRING"
                                     description="code"
                                     name="code"
                                     ordinal="0"></FieldDefinition>
                                </FieldDefinitions>
                            </DataShape>
                            <Rows>
                                <Row>
                                    <code>
                                    <![CDATA[
                                    var orderAndSerialNumber = OrderNumber;
                                    var orderNumberSAP = orderAndSerialNumber.split('-')[0];
                                    var serialNumberSAP = orderAndSerialNumber.split('-')[1];
                                    var productionDate = new Date();
                                    
                                    // result: STRING
                                    var database = Resources["KBThingWorxServerSystem"].GetKPILocalThingWorxDatabaseThing();
                                    var result = 0;
                                    logger.debug("ConfirmFinalTestResult: StartingOverrideFunktion");
                                    logger.warn("_OrderNumber: " + OrderNumber + " InternalTestID: " + InternalTestID + " TestResult: " + TestResult);
                                    
                                    // result: INFOTABLE dataShape: KBOrderResultDataShape
                                    var orderData = Things[database].GetOrderData({
                                    	OrderNumber: OrderNumber + "-%" /* STRING */ ,
                                    	PropertyKey: "SerialNumber" /* STRING */ ,
                                    	System: "KBRailSAPServer" /* STRING */
                                    });
                                    
                                    if (orderData.getRowCount() === 0) {
                                    	result = 20;
                                    } else {
                                    	var sort = new Object();
                                    	sort.name = "TextValue";
                                    	sort.ascending = true;
                                    	orderData.Sort(sort);
                                    
                                    	var serialNumbersCount = orderData.getRowCount();
                                    	//check if there is a serial number which is not in production
                                    	//var isProductionStartedBoolean = isProductionStarted.rows[0].isProductionStarted;
                                    	var isProductionStartedBoolean = true;
                                    	var counter = 0;
                                    
                                    	while (counter < serialNumbersCount) {
                                    		var row = orderData.rows[counter];
                                    
                                    		//check if serialNumber of selected row is in on production
                                    		var orderNumberWithSerialNumber = OrderNumber + "-" + row.TextValue;
                                    
                                    		// result: INFOTABLE
                                    		var isProductionStarted = Things[database].isProductionStarted({
                                    			OrderNumber: orderNumberWithSerialNumber /* STRING */ ,
                                    			System: "KBRailSAPServer" /* STRING */
                                    		});
                                    		isProductionStartedBoolean = isProductionStarted.rows[0].isProductionStarted;
                                    		if (!isProductionStartedBoolean) {
                                    			break;
                                    		}
                                    		counter++;
                                    	}
                                    
                                    	if (isProductionStartedBoolean) {
                                    		result = 21;
                                    	} else {
                                    
                                    		var row = orderData.rows[counter];
                                    
                                    		var machine = me.name;
                                    		if (me.KBLocalLineThing !== "" && me.KBLocalLineThing !== undefined) {
                                    			machine = me.KBLocalLineThing;
                                    		}
                                    
                                    		var orderMaterialNumber = Things["KBKPILocalThingWorxDatabaseThing"].GetOrderData({
                                    			OrderNumber: OrderNumber /* STRING */ ,
                                    			PropertyKey: "MaterialNumber" /* STRING */ ,
                                    			System: "KBRailSAPServer" /* STRING */
                                    		});
                                    
                                    		var plant = Things["KBKPILocalThingWorxDatabaseThing"].GetOrderData({
                                    			OrderNumber: OrderNumber /* STRING */ ,
                                    			PropertyKey: "Plant" /* STRING */ ,
                                    			System: "KBRailSAPServer" /* STRING */
                                    		});
                                    
                                    		//        var plantId = plant.rows[0].TextValue;
                                    		var plantId = '';
                                    		if (plant != undefined) {
                                    			if (plant.rows[0].TextValue != undefined && plant.rows[0].TextValue != '') {
                                    				plantId = plant.rows[0].TextValue;
                                    			}
                                    		}
                                    
                                    		// CreateInfoTableFromDataShape(infoTableName:STRING("InfoTable"), dataShapeName:STRING):INFOTABLE(KBLocalStationDataReceiverPartDataShape)
                                    		var setPartDataInfotable = Resources["InfoTableFunctions"].CreateInfoTableFromDataShape({
                                    			infoTableName: "InfoTable",
                                    			dataShapeName: "KBLocalStationDataReceiverPartDataShape"
                                    		});
                                    
                                    		//Set Part Data final test result
                                    		// KBLocalStationDataReceiverPartDataShape entry object
                                    		var newEntry = new Object();
                                    		newEntry.TrackingNumber = InternalTestID; // STRING
                                    		newEntry.OrderNumber = OrderNumber; // STRING
                                    		newEntry.ShortName = "Testresult"; // STRING - isPrimaryKey = true
                                    		newEntry.DateTime = productionDate; // DATETIME - isPrimaryKey = true
                                    		newEntry.Line = machine; // STRING - isPrimaryKey = true
                                    		newEntry.Station = me.name; // STRING - isPrimaryKey = true
                                    		newEntry.Type = "PARTDATA"; // STRING - isPrimaryKey = true
                                    		newEntry.Value = TestResult; // STRING
                                    		newEntry.SerialNumber = row.TextValue; // STRING
                                    		newEntry.LowerLimit = undefined; // STRING
                                    		newEntry.UpperLimit = undefined; // STRING
                                    		newEntry.Description = undefined; // STRING
                                    		newEntry.PartNumber = orderMaterialNumber.rows[0].TextValue; // STRING
                                    		newEntry.Identifier = undefined; // STRING
                                    		newEntry.Unit = undefined; // STRING
                                    		setPartDataInfotable.AddRow(newEntry);
                                    
                                    		// result: BOOLEAN
                                    		var resultFromSetPartData = me.SetPartData({
                                    			partDataInfoTable: setPartDataInfotable /* INFOTABLE */
                                    		});
                                    
                                    
                                    		// result: NUMBER
                                    		Things["KBKPILocalThingWorxDatabaseThing"].AddQualityResultToDataTable({
                                    			isPartOK: TestResult /* BOOLEAN */ ,
                                    			confirmToSAP: false /* BOOLEAN */ ,
                                    			PartNumber: orderMaterialNumber.rows[0].TextValue /* STRING */ ,
                                    			ScrapReason: undefined /* STRING */ ,
                                    			OrderNumber: OrderNumber /* STRING */ ,
                                    			DateTime: productionDate /* DATETIME */ ,
                                    			Machine: machine /* STRING */ ,
                                    			NumberOfParts: 1 /* INTEGER */ ,
                                    			Station: me.name /* STRING */ ,
                                    			SAPOperationNumber: undefined /* STRING */ ,
                                    			SerialNumber: row.TextValue /* STRING */
                                    		});
                                    
                                    
                                    		//Logging manualPartData
                                    		var manualPartData = Things["KBKPILocalThingWorxDatabaseThing"].GetOrderData({
                                    			OrderNumber: orderMaterialNumber.rows[0].TextValue /* STRING */ ,
                                    			System: "ManualPartData" /* STRING */
                                    		}).ToJSON();
                                    
                                    		Things["KBKPILocalThingWorxDatabaseThing"].AddMachineMessageToDataTable({
                                    			Description: "Automatic label print for order number " + OrderNumber /* STRING */ ,
                                    			Message: manualPartData /* STRING */ ,
                                    			MessageType1: "ManualPartData" /* STRING */ ,
                                    			MessageType2: orderMaterialNumber.rows[0].TextValue /* STRING */ ,
                                    			DateTime: new Date() /* DATETIME */ ,
                                    			Machine: me.name /* STRING */
                                    		});
                                    
                                    
                                    		if (TestResult == 0) {
                                    
                                    			//until we golive with the second phase we will send result 12 in case of nok, to avoid changes of valmatic
                                    			//phase two will include traceabilitz of nok, which includes testid trackink using codes 11/12
                                    			result = 12;
                                    			//var result = 11;
                                    		} else if (TestResult == 1) {
                                    
                                    			// result: INTEGER
                                    			Things[database].InsertOrUpdateOrderData({
                                    				updateDataIfProductionStarted: false /* BOOLEAN */ ,
                                    				OrderNumber: OrderNumber + "-" + row.TextValue /* STRING */ ,
                                    				OrderKeyValues: undefined /* INFOTABLE */ ,
                                    				System: "KBRailSAPServer" /* STRING */ ,
                                    				isProductionStarted: true /* BOOLEAN */ ,
                                    				PlantId: plantId /* STRING */
                                    			});
                                    
                                    			Things[database].InsertOrUpdateOrderData({
                                    				updateDataIfProductionStarted: false /* BOOLEAN */ ,
                                    				OrderNumber: OrderNumber /* STRING */ ,
                                    				OrderKeyValues: undefined /* INFOTABLE */ ,
                                    				System: "KBRailSAPServer" /* STRING */ ,
                                    				isProductionStarted: true /* BOOLEAN */ ,
                                    				PlantId: plantId /* STRING */
                                    			});
                                    
                                    			//trigger creation of protocol printing and Label printing (both: label and packaging)
                                    			var fullOrderNumber = OrderNumber + "-" + row.TextValue;
                                    
                                    			try {
                                    				// no return
                                    				Things["KB_MS_Printing_Helper"].PrintLabel({
                                    					orderNumber: fullOrderNumber /* STRING */ ,
                                    					PartNumber: orderMaterialNumber.rows[0].TextValue,
                                    					physicalprinting_bool: me.LabelPrinter_printing /* BOOLEAN */ ,
                                    					Printer: me.LabelPrinter /* THINGNAME */ ,
                                    					Line: me.Line
                                    				});
                                    			} catch (ex) {
                                    				logger.error("Service error in PrintLabel " + me.Line + ", orderNumber: " + fullOrderNumber + ":" + ex);
                                    			}
                                    
                                    			try {
                                    				// no return
                                    				Things["KB_MS_Printing_Helper"].PrintPackaging({
                                    					orderNumber: fullOrderNumber /* STRING */ ,
                                    					physicalprinting_bool: me.PackagingPrinter_printing /* BOOLEAN */ ,
                                    					Printer: me.PackagingPrinter /* THINGNAME */ ,
                                    					Line: me.Line
                                    				});
                                    			} catch (ex) {
                                    				logger.error("Service error in PrintPackaging " + me.Line + ", orderNumber: " + fullOrderNumber + ":" + ex);
                                    			}
                                    
                                    
                                    			try {
                                    				// no return
                                    				Things["KB_MS_Printing_Helper"].PrintPDFProtocol({
                                    					orderNumber: fullOrderNumber /* STRING */ ,
                                    					serialNumber: row.TextValue,
                                    					partNumber: orderMaterialNumber.rows[0].TextValue,
                                    					trackingNumber: InternalTestID /* STRING */ ,
                                    					physicalprinting_bool: me.ConventionalPrinter_printing /* BOOLEAN */ ,
                                    					Printer: me.ConventionalPrinter,
                                    					Line: me.Line,
                                    					Station: me.name,
                                    					ProtocolTemplateName: me.ProtocolTemplateName
                                    				});
                                    			} catch (ex) {
                                    				logger.error("Service error in PrintPDFProtocol " + me.Line + ", orderNumber: " + fullOrderNumber + ":" + ex);
                                    			}
                                    
                                    			result = 10;
                                    		} else {
                                    			result = 29;
                                    		}
                                    	}
                                    }
                                    
                                    //var result = orderData;
                                    //var result = 10;
                                    
                                    logger.warn("ConfirmFinalTestResult for OrderNr " + OrderNumber + " Finished____" + result);
                                    ]]>
                                    </code>
                                </Row>
                            </Rows>
                        </ConfigurationTable>
                    </ConfigurationTables>
                </ServiceImplementation>
                <ServiceImplementation
                 description=""
                 handlerName="Script"
                 name="ManualLabelPrint">
                    <ConfigurationTables>
                        <ConfigurationTable
                         dataShapeName=""
                         description="Script"
                         isMultiRow="false"
                         name="Script"
                         ordinal="0">
                            <DataShape>
                                <FieldDefinitions>
                                    <FieldDefinition
                                     baseType="STRING"
                                     description="code"
                                     name="code"
                                     ordinal="0"></FieldDefinition>
                                </FieldDefinitions>
                            </DataShape>
                            <Rows>
                                <Row>
                                    <code>
                                    <![CDATA[
                                    var TestResult = 1;
                                    var InternalTestID = "Manual";
                                    var productionDate = new Date();
                                    
                                    // result: STRING
                                    var database = Resources["KBThingWorxServerSystem"].GetKPILocalThingWorxDatabaseThing();
                                    var result = 0;
                                    logger.debug("ConfirmFinalTestResult: StartingOverrideFunktion");
                                    logger.warn("_OrderNumber: " + OrderNumber + " InternalTestID: " + InternalTestID + " TestResult: " + TestResult + "SerialNumber: " + SerialNumber + "SerialNumberFull: " + SerialNumberFull);
                                    
                                    // result: INFOTABLE dataShape: KBOrderResultDataShape
                                    var orderData = Things[database].GetOrderData({
                                    	OrderNumber: OrderNumber + "-" + SerialNumberFull /* STRING */ ,
                                    	PropertyKey: "SerialNumber" /* STRING */ ,
                                    	System: "KBRailSAPServer" /* STRING */
                                    });
                                    
                                    if (orderData.getRowCount() === 0) {
                                    	result = 20;
                                    } else {
                                    	var machine = me.name;
                                    	if (me.KBLocalLineThing !== "" && me.KBLocalLineThing !== undefined) {
                                    		machine = me.KBLocalLineThing;
                                    	}
                                    
                                    	var orderMaterialNumber = Things["KBKPILocalThingWorxDatabaseThing"].GetOrderData({
                                    		OrderNumber: OrderNumber /* STRING */ ,
                                    		PropertyKey: "MaterialNumber" /* STRING */ ,
                                    		System: "KBRailSAPServer" /* STRING */
                                    	});
                                    
                                    	var plant = Things["KBKPILocalThingWorxDatabaseThing"].GetOrderData({
                                    		OrderNumber: OrderNumber /* STRING */ ,
                                    		PropertyKey: "Plant" /* STRING */ ,
                                    		System: "KBRailSAPServer" /* STRING */
                                    	});
                                    
                                    	//    var plantId = plant.rows[0].TextValue;
                                    	var plantId = '';
                                    	if (plant != undefined) {
                                    		if (plant.rows[0].TextValue != undefined && plant.rows[0].TextValue != '') {
                                    			plantId = plant.rows[0].TextValue;
                                    		}
                                    	}
                                    
                                    	// CreateInfoTableFromDataShape(infoTableName:STRING("InfoTable"), dataShapeName:STRING):INFOTABLE(KBLocalStationDataReceiverPartDataShape)
                                    	var setPartDataInfotable = Resources["InfoTableFunctions"].CreateInfoTableFromDataShape({
                                    		infoTableName: "InfoTable",
                                    		dataShapeName: "KBLocalStationDataReceiverPartDataShape"
                                    	});
                                    
                                    	//Set Part Data final test result
                                    	// KBLocalStationDataReceiverPartDataShape entry object
                                    	var newEntry = new Object();
                                    	newEntry.TrackingNumber = InternalTestID; // STRING
                                    	newEntry.OrderNumber = OrderNumber; // STRING
                                    	newEntry.ShortName = "Testresult"; // STRING - isPrimaryKey = true
                                    	newEntry.DateTime = productionDate; // DATETIME - isPrimaryKey = true
                                    	newEntry.Line = machine; // STRING - isPrimaryKey = true
                                    	newEntry.Station = me.name; // STRING - isPrimaryKey = true
                                    	newEntry.Type = "PARTDATA"; // STRING - isPrimaryKey = true
                                    	newEntry.Value = TestResult; // STRING
                                    	newEntry.SerialNumber = SerialNumberFull; // STRING
                                    	newEntry.LowerLimit = undefined; // STRING
                                    	newEntry.UpperLimit = undefined; // STRING
                                    	newEntry.Description = undefined; // STRING
                                    	newEntry.PartNumber = orderMaterialNumber.rows[0].TextValue; // STRING
                                    	newEntry.Identifier = undefined; // STRING
                                    	newEntry.Unit = undefined; // STRING
                                    	setPartDataInfotable.AddRow(newEntry);
                                    
                                    	// result: BOOLEAN
                                    	var resultFromSetPartData = me.SetPartData({
                                    		partDataInfoTable: setPartDataInfotable /* INFOTABLE */
                                    	});
                                    
                                    
                                    	// result: NUMBER
                                    	Things["KBKPILocalThingWorxDatabaseThing"].AddQualityResultToDataTable({
                                    		isPartOK: TestResult /* BOOLEAN */ ,
                                    		confirmToSAP: false /* BOOLEAN */ ,
                                    		PartNumber: orderMaterialNumber.rows[0].TextValue /* STRING */ ,
                                    		ScrapReason: undefined /* STRING */ ,
                                    		OrderNumber: OrderNumber /* STRING */ ,
                                    		DateTime: productionDate /* DATETIME */ ,
                                    		Machine: machine /* STRING */ ,
                                    		NumberOfParts: 1 /* INTEGER */ ,
                                    		Station: me.name /* STRING */ ,
                                    		SAPOperationNumber: undefined /* STRING */ ,
                                    		SerialNumber: SerialNumberFull /* STRING */
                                    	});
                                    
                                    
                                    	//Logging manualPartData
                                    	var manualPartData = Things["KBKPILocalThingWorxDatabaseThing"].GetOrderData({
                                    		OrderNumber: orderMaterialNumber.rows[0].TextValue /* STRING */ ,
                                    		System: "ManualPartData" /* STRING */
                                    	}).ToJSON();
                                    
                                    	Things["KBKPILocalThingWorxDatabaseThing"].AddMachineMessageToDataTable({
                                    		Description: "Manual label print for order number " + OrderNumber /* STRING */ ,
                                    		Message: manualPartData /* STRING */ ,
                                    		MessageType1: "ManualPartData" /* STRING */ ,
                                    		MessageType2: orderMaterialNumber.rows[0].TextValue /* STRING */ ,
                                    		DateTime: new Date() /* DATETIME */ ,
                                    		Machine: me.name /* STRING */
                                    	});
                                    
                                    
                                    	// result: INTEGER
                                    	Things[database].InsertOrUpdateOrderData({
                                    		updateDataIfProductionStarted: false /* BOOLEAN */ ,
                                    		OrderNumber: OrderNumber + "-" + SerialNumberFull /* STRING */ ,
                                    		OrderKeyValues: undefined /* INFOTABLE */ ,
                                    		System: "KBRailSAPServer" /* STRING */ ,
                                    		isProductionStarted: true /* BOOLEAN */ ,
                                    		PlantId: plantId /* STRING */
                                    	});
                                    
                                    	Things[database].InsertOrUpdateOrderData({
                                    		updateDataIfProductionStarted: false /* BOOLEAN */ ,
                                    		OrderNumber: OrderNumber /* STRING */ ,
                                    		OrderKeyValues: undefined /* INFOTABLE */ ,
                                    		System: "KBRailSAPServer" /* STRING */ ,
                                    		isProductionStarted: true /* BOOLEAN */ ,
                                    		PlantId: plantId /* STRING */
                                    	});
                                    
                                    	//trigger creation of protocol printing and Label printing (both: label and packaging)
                                    	var fullOrderNumber = OrderNumber + "-" + SerialNumberFull;
                                    
                                    	try {
                                    		if (PrintProductLabel) {
                                    			// no return
                                    			Things["KB_MS_Printing_Helper"].PrintLabel({
                                    				orderNumber: fullOrderNumber /* STRING */ ,
                                    				physicalprinting_bool: me.LabelPrinter_printing /* BOOLEAN */ ,
                                    				Printer: me.LabelPrinter /* THINGNAME */ ,
                                    				Line: me.Line,
                                    				PrintGS1Label: PrintProductLabel,
                                    				PrintANSILabel: PrintProductLabelANSI
                                    			});
                                    		}
                                    	} catch (ex) {
                                    		logger.error("Service error in PrintLabel " + me.Line + ", orderNumber: " + fullOrderNumber + ":" + ex);
                                    	}
                                    
                                    	try {
                                    		if (PrintPackagingLabel) {
                                    			// no return
                                    			Things["KB_MS_Printing_Helper"].PrintPackaging({
                                    				orderNumber: fullOrderNumber /* STRING */ ,
                                    				physicalprinting_bool: me.PackagingPrinter_printing /* BOOLEAN */ ,
                                    				Printer: me.PackagingPrinter /* THINGNAME */ ,
                                    				Line: me.Line
                                    			});
                                    		}
                                    	} catch (ex) {
                                    		logger.error("Service error in PrintPackaging " + me.Line + ", orderNumber: " + fullOrderNumber + ":" + ex);
                                    	}
                                    
                                    	try {
                                    		if (PrintPDFProtocol) {
                                    			// no return
                                    			Things["KB_MS_Printing_Helper"].PrintPDFProtocol({
                                    				orderNumber: fullOrderNumber /* STRING */ ,
                                    				serialNumber: SerialNumberFull,
                                    				partNumber: orderMaterialNumber.rows[0].TextValue,
                                    				trackingNumber: InternalTestID /* STRING */ ,
                                    				physicalprinting_bool: me.ConventionalPrinter_printing /* BOOLEAN */ ,
                                    				Printer: me.ConventionalPrinter,
                                    				Line: me.Line,
                                    				Station: me.name,
                                    				ProtocolTemplateName: me.ProtocolTemplateName
                                    			});
                                    		}
                                    	} catch (ex) {
                                    		logger.error("Service error in PrintPDFProtocol " + me.Line + ", orderNumber: " + fullOrderNumber + ":" + ex);
                                    	}
                                    	result = 10;
                                    }
                                    
                                    //var result = orderData;
                                    //var result = 10;
                                    
                                    logger.warn("ConfirmFinalTestResult for OrderNr " + OrderNumber + " Finished____" + result);
                                    ]]>
                                    </code>
                                </Row>
                            </Rows>
                        </ConfigurationTable>
                    </ConfigurationTables>
                </ServiceImplementation>
            </ServiceImplementations>
            <Subscriptions></Subscriptions>
            <avatar></avatar>
            <DesignTimePermissions>
                <Create></Create>
                <Read></Read>
                <Update></Update>
                <Delete></Delete>
                <Metadata></Metadata>
            </DesignTimePermissions>
            <RunTimePermissions>
                <Permissions
                 resourceName="*">
                    <PropertyRead>
                        <Principal
                         isPermitted="true"
                         name="KBLabelPrintUserGroup_V1"
                         type="Group"></Principal>
                        <Principal
                         isPermitted="true"
                         name="KBPrinterUserGroup"
                         type="Group"></Principal>
                    </PropertyRead>
                    <PropertyWrite>
                        <Principal
                         isPermitted="true"
                         name="KBLabelPrintUserGroup_V1"
                         type="Group"></Principal>
                        <Principal
                         isPermitted="true"
                         name="KBPrinterUserGroup"
                         type="Group"></Principal>
                    </PropertyWrite>
                    <ServiceInvoke>
                        <Principal
                         isPermitted="true"
                         name="KBLabelPrintUserGroup_V1"
                         type="Group"></Principal>
                        <Principal
                         isPermitted="true"
                         name="KBPrinterUserGroup"
                         type="Group"></Principal>
                    </ServiceInvoke>
                    <EventInvoke>
                        <Principal
                         isPermitted="true"
                         name="KBLabelPrintUserGroup_V1"
                         type="Group"></Principal>
                        <Principal
                         isPermitted="true"
                         name="KBPrinterUserGroup"
                         type="Group"></Principal>
                    </EventInvoke>
                    <EventSubscribe></EventSubscribe>
                </Permissions>
            </RunTimePermissions>
            <VisibilityPermissions>
                <Visibility>
                    <Principal
                     isPermitted="true"
                     name="KBBackGroundWorker"
                     type="Organization"></Principal>
                    <Principal
                     isPermitted="true"
                     name="KBOrganization"
                     type="Organization"></Principal>
                </Visibility>
            </VisibilityPermissions>
            <ConfigurationTableDefinitions></ConfigurationTableDefinitions>
            <ConfigurationTables></ConfigurationTables>
            <PropertyBindings></PropertyBindings>
            <RemotePropertyBindings></RemotePropertyBindings>
            <RemoteServiceBindings></RemoteServiceBindings>
            <RemoteEventBindings></RemoteEventBindings>
            <AlertConfigurations>
                <AlertDefinitions
                 name="AutomaticTestBench"></AlertDefinitions>
                <AlertDefinitions
                 name="ConventionalPrinter"></AlertDefinitions>
                <AlertDefinitions
                 name="ConventionalPrinter_printing"></AlertDefinitions>
                <AlertDefinitions
                 name="LabelPrinter"></AlertDefinitions>
                <AlertDefinitions
                 name="LabelPrinter_printing"></AlertDefinitions>
                <AlertDefinitions
                 name="PackagingPrinter"></AlertDefinitions>
                <AlertDefinitions
                 name="PackagingPrinter_printing"></AlertDefinitions>
                <AlertDefinitions
                 name="ProtocolTemplateName"></AlertDefinitions>
            </AlertConfigurations>
            <InstanceRunTimePermissions></InstanceRunTimePermissions>
        </ThingShape>
    </ThingShapes>
</Entities>