<?xml version="1.0" encoding="UTF-8" standalone="no"?>
<Entities>
    <ExtensionPackages>
        <ExtensionPackage dependsOn="" description="" minimumThingWorxVersion="9.3.6" name="KB_MS_LinePrinting_Entities_Extension" packageVersion="1.2.276" vendor="Knorr-Bremse Services GmbH">
            <JarResources>
                <FileResource description="" file="kb_ms_lineprinting_entities_extension.jar" type="JAR"/>
                <FileResource description="" file="commons-net-3.8.0.jar" type="JAR"/>
            </JarResources>
        </ExtensionPackage>
    </ExtensionPackages>
    <ThingPackages>
        <ThingPackage className="com.kb.KBLabelPrinterFtpTemplate" description="" name="KBLabelPrinterFtpTemplatePackage"/>
    </ThingPackages>
    <ThingTemplates>
        <ThingTemplate aspect.isEditableExtensionObject="false" description="" name="KBLabelPrinterFtpTemplate" thingPackage="KBLabelPrinterFtpTemplatePackage"/>
    </ThingTemplates>
</Entities>
