<?xml version="1.0" encoding="UTF-8"?>
<Entities
 majorVersion="9"
 minorVersion="3"
 universal="password">
    <Mashups>
        <Mashup
         aspect.isFlex="true"
         aspect.isResponsive="true"
         aspect.mashupType="mashup"
         columns="0.0"
         description=""
         documentationContent=""
         homeMashup=""
         name="KBDeletePrinterMashup"
         projectName="KBsmartKPI"
         rows="0.0"
         tags="">
            <avatar></avatar>
            <DesignTimePermissions>
                <Create></Create>
                <Read></Read>
                <Update></Update>
                <Delete></Delete>
                <Metadata></Metadata>
            </DesignTimePermissions>
            <RunTimePermissions></RunTimePermissions>
            <VisibilityPermissions>
                <Visibility>
                    <Principal
                     isPermitted="true"
                     name="KBOrganization"
                     type="Organization"></Principal>
                </Visibility>
            </VisibilityPermissions>
            <ConfigurationTableDefinitions></ConfigurationTableDefinitions>
            <ConfigurationTables>
                <ConfigurationTable
                 dataShapeName=""
                 description="Mashup Mobile Settings"
                 isHidden="true"
                 isMultiRow="false"
                 name="MobileSettings"
                 ordinal="0">
                    <DataShape>
                        <FieldDefinitions>
                            <FieldDefinition
                             aspect.defaultValue="false"
                             aspect.friendlyName="Disable Zoom"
                             baseType="BOOLEAN"
                             description="Disables zooming in and out within the mashup"
                             name="disableZoom"
                             ordinal="0"></FieldDefinition>
                            <FieldDefinition
                             aspect.defaultValue="true"
                             aspect.friendlyName="Full Screen Mode"
                             baseType="BOOLEAN"
                             description="Open the mashup in full screen mode"
                             name="fullScreenMode"
                             ordinal="0"></FieldDefinition>
                            <FieldDefinition
                             aspect.friendlyName="Height"
                             baseType="STRING"
                             description="The height of the mashup page"
                             name="height"
                             ordinal="0"></FieldDefinition>
                            <FieldDefinition
                             aspect.defaultValue="device-height"
                             aspect.friendlyName="Height Type"
                             baseType="STRING"
                             description="Use the height of the device display, or a custom height (in px)"
                             name="heightType"
                             ordinal="0"></FieldDefinition>
                            <FieldDefinition
                             aspect.defaultValue="1.0"
                             aspect.friendlyName="Initial Scale"
                             baseType="NUMBER"
                             description="The initial zoom scale when the mashup is loaded for the first time"
                             name="initialScale"
                             ordinal="0"></FieldDefinition>
                            <FieldDefinition
                             aspect.friendlyName="Shortcut Icon Title"
                             baseType="STRING"
                             description="A title for the mashup shortcut on the iOS home screen"
                             name="iosShortcutIconTitle"
                             ordinal="0"></FieldDefinition>
                            <FieldDefinition
                             aspect.defaultValue="black-translucent"
                             aspect.friendlyName="Status Bar Appearance"
                             baseType="STRING"
                             description="The style of the iOS status bar"
                             name="iosStatusBarAppearance"
                             ordinal="0"></FieldDefinition>
                            <FieldDefinition
                             aspect.defaultValue="10.0"
                             aspect.friendlyName="Maximum Scale"
                             baseType="NUMBER"
                             description="The maximum scale that users can zoom out to"
                             name="maximumScale"
                             ordinal="0"></FieldDefinition>
                            <FieldDefinition
                             aspect.defaultValue="0.1"
                             aspect.friendlyName="Minimum Scale"
                             baseType="NUMBER"
                             description="The minimum scale that users can zoom out to"
                             name="minimumScale"
                             ordinal="0"></FieldDefinition>
                            <FieldDefinition
                             aspect.friendlyName="Width"
                             baseType="STRING"
                             description="The width of the mashup page"
                             name="width"
                             ordinal="0"></FieldDefinition>
                            <FieldDefinition
                             aspect.defaultValue="device-width"
                             aspect.friendlyName="Width Type"
                             baseType="STRING"
                             description="Use the width of the device display, or a custom width (in px)"
                             name="widthType"
                             ordinal="0"></FieldDefinition>
                        </FieldDefinitions>
                    </DataShape>
                    <Rows>
                        <Row>
                            <disableZoom>false</disableZoom>
                            <fullScreenMode>true</fullScreenMode>
                            <height>
                            <![CDATA[
                            device-height
                            ]]>
                            </height>
                            <heightType>
                            <![CDATA[
                            device-height
                            ]]>
                            </heightType>
                            <initialScale>1.0</initialScale>
                            <iosShortcutIconTitle></iosShortcutIconTitle>
                            <iosStatusBarAppearance>
                            <![CDATA[
                            black-translucent
                            ]]>
                            </iosStatusBarAppearance>
                            <maximumScale>10.0</maximumScale>
                            <minimumScale>0.1</minimumScale>
                            <width>
                            <![CDATA[
                            device-width
                            ]]>
                            </width>
                            <widthType>
                            <![CDATA[
                            device-width
                            ]]>
                            </widthType>
                        </Row>
                    </Rows>
                </ConfigurationTable>
            </ConfigurationTables>
            <ParameterDefinitions></ParameterDefinitions>
            <Things></Things>
            <ThingShapes></ThingShapes>
            <ThingTemplates></ThingTemplates>
            <mashupContent>
            <![CDATA[
            {
              "CustomMashupCss" : "",
              "Data" : {
                "Session" : {
                  "DataName" : "Session",
                  "EntityName" : "",
                  "EntityType" : "Session",
                  "Id" : "session",
                  "Services" : [ {
                    "APIMethod" : "post",
                    "Characteristic" : "Services",
                    "Id" : "SessionInterface",
                    "Name" : "GetGlobalSessionValues",
                    "Parameters" : { },
                    "RefreshInterval" : 0,
                    "Target" : "GetGlobalSessionValues"
                  } ]
                },
                "Things_KBPrinterSetupThing" : {
                  "DataName" : "Things_KBPrinterSetupThing",
                  "EntityName" : "KBPrinterSetupThing",
                  "EntityType" : "Things",
                  "Id" : "0d9e0f5d-81f0-4af2-a287-3be6535d5949",
                  "RefreshInterval" : 0,
                  "Services" : [ {
                    "APIMethod" : "post",
                    "Characteristic" : "Services",
                    "Id" : "06b5f7ca-94fb-4972-a801-071e18e7ba57",
                    "Name" : "DeletePrinter",
                    "Parameters" : { },
                    "RefreshInterval" : 0,
                    "Target" : "DeletePrinter"
                  }, {
                    "APIMethod" : "post",
                    "Characteristic" : "Services",
                    "Id" : "955c5e6e-475f-4d0c-bb13-49f023078e4f",
                    "Name" : "GetStationsDeletedByPrinter",
                    "Parameters" : { },
                    "RefreshInterval" : 0,
                    "Target" : "GetStationsDeletedByPrinter"
                  }, {
                    "APIMethod" : "post",
                    "Characteristic" : "Services",
                    "Id" : "6c174848-a54e-479f-b58f-4372ded2d7a6",
                    "Name" : "PrinterDeleted",
                    "Parameters" : { },
                    "RefreshInterval" : 0,
                    "Target" : "PrinterDeleted"
                  }, {
                    "APIMethod" : "post",
                    "Characteristic" : "Services",
                    "Id" : "3cad9fda-1471-4d11-b761-aab404be026f",
                    "Name" : "GetFullPrinterNames",
                    "Parameters" : { },
                    "RefreshInterval" : 0,
                    "Target" : "GetFullPrinterNames"
                  } ]
                },
                "UserExtensions" : {
                  "DataName" : "UserExtensions",
                  "EntityName" : "",
                  "EntityType" : "UserExtensions",
                  "Id" : "UserExtensions",
                  "Services" : [ {
                    "APIMethod" : "post",
                    "Characteristic" : "Services",
                    "Id" : "UserExtensionInterface",
                    "Name" : "GetCurrentUserExtensionProperties",
                    "Parameters" : { },
                    "RefreshInterval" : 0,
                    "Target" : "GetCurrentUserExtensionProperties"
                  } ]
                }
              },
              "DataBindings" : [ {
                "Id" : "062280aa-46a0-4e49-94a1-502e8b4a7ba5",
                "PropertyMaps" : [ {
                  "SourceProperty" : "SelectedText",
                  "SourcePropertyBaseType" : "STRING",
                  "SourcePropertyType" : "property",
                  "TargetProperty" : "PrinterName",
                  "TargetPropertyBaseType" : "STRING",
                  "TargetPropertyType" : "Parameter"
                } ],
                "SourceArea" : "UI",
                "SourceId" : "ptcsdropdown-12",
                "SourceSection" : "",
                "TargetArea" : "Data",
                "TargetId" : "DeletePrinter",
                "TargetSection" : "Things_KBPrinterSetupThing"
              }, {
                "Id" : "87e4a038-cf75-4cc0-85dc-867d402497b9",
                "PropertyMaps" : [ {
                  "SourceProperty" : "result",
                  "SourcePropertyBaseType" : "STRING",
                  "SourcePropertyType" : "Field",
                  "TargetProperty" : "LabelText",
                  "TargetPropertyBaseType" : "STRING",
                  "TargetPropertyType" : "property"
                } ],
                "SourceArea" : "Data",
                "SourceDetails" : "AllData",
                "SourceId" : "GetStationsDeletedByPrinter",
                "SourceSection" : "Things_KBPrinterSetupThing",
                "TargetArea" : "UI",
                "TargetId" : "ptcslabel-14",
                "TargetSection" : ""
              }, {
                "Id" : "4479b93d-a625-4d97-b008-5c53bf937452",
                "PropertyMaps" : [ {
                  "SourceProperty" : "Output",
                  "SourcePropertyBaseType" : "BOOLEAN",
                  "SourcePropertyType" : "Property",
                  "TargetProperty" : "Disabled",
                  "TargetPropertyBaseType" : "BOOLEAN",
                  "TargetPropertyType" : "property"
                } ],
                "SourceArea" : "UI",
                "SourceId" : "validator2-23",
                "SourceSection" : "",
                "TargetArea" : "UI",
                "TargetId" : "ptcsbutton-13",
                "TargetSection" : ""
              }, {
                "Id" : "3d109d13-8724-4aaa-9175-78fe90c9cefb",
                "PropertyMaps" : [ {
                  "SourceProperty" : "SelectedText",
                  "SourcePropertyBaseType" : "STRING",
                  "SourcePropertyType" : "property",
                  "TargetProperty" : "data",
                  "TargetPropertyBaseType" : "STRING",
                  "TargetPropertyType" : "property"
                } ],
                "SourceArea" : "UI",
                "SourceId" : "ptcsdropdown-12",
                "SourceSection" : "",
                "TargetArea" : "UI",
                "TargetId" : "validator2-23",
                "TargetSection" : ""
              }, {
                "Id" : "c762b0a3-d96e-4066-a123-a13275cf72e5",
                "PropertyMaps" : [ {
                  "SourceProperty" : "SelectedText",
                  "SourcePropertyBaseType" : "STRING",
                  "SourcePropertyType" : "property",
                  "TargetProperty" : "PrinterName",
                  "TargetPropertyBaseType" : "STRING",
                  "TargetPropertyType" : "Parameter"
                } ],
                "SourceArea" : "UI",
                "SourceId" : "ptcsdropdown-12",
                "SourceSection" : "",
                "TargetArea" : "Data",
                "TargetId" : "PrinterDeleted",
                "TargetSection" : "Things_KBPrinterSetupThing"
              }, {
                "Id" : "99e62e16-cbdd-4f3a-b727-938a05ba7056",
                "PropertyMaps" : [ {
                  "SourceProperty" : "result",
                  "SourcePropertyBaseType" : "STRING",
                  "SourcePropertyType" : "Field",
                  "TargetProperty" : "Message",
                  "TargetPropertyBaseType" : "STRING",
                  "TargetPropertyType" : "property"
                } ],
                "SourceArea" : "Data",
                "SourceDetails" : "AllData",
                "SourceId" : "PrinterDeleted",
                "SourceSection" : "Things_KBPrinterSetupThing",
                "TargetArea" : "UI",
                "TargetId" : "statusmessage-20",
                "TargetSection" : ""
              }, {
                "Id" : "4aad576c-4e0c-484c-87ef-0b7b44175643",
                "PropertyMaps" : [ {
                  "SourceProperty" : "",
                  "SourcePropertyBaseType" : "INFOTABLE",
                  "SourcePropertyType" : "InfoTable",
                  "TargetProperty" : "Data",
                  "TargetPropertyBaseType" : "INFOTABLE",
                  "TargetPropertyType" : "property"
                } ],
                "SourceArea" : "Data",
                "SourceDetails" : "AllData",
                "SourceId" : "GetFullPrinterNames",
                "SourceSection" : "Things_KBPrinterSetupThing",
                "TargetArea" : "UI",
                "TargetId" : "ptcsdropdown-12",
                "TargetSection" : ""
              }, {
                "Id" : "d25f7c24-e3f2-426b-9f5a-5f03b5f9429b",
                "PropertyMaps" : [ {
                  "SourceProperty" : "name",
                  "SourcePropertyBaseType" : "STRING",
                  "SourcePropertyType" : "Field",
                  "TargetProperty" : "PrinterName",
                  "TargetPropertyBaseType" : "STRING",
                  "TargetPropertyType" : "Parameter"
                } ],
                "SourceArea" : "Data",
                "SourceDetails" : "SelectedRows",
                "SourceId" : "GetFullPrinterNames",
                "SourceSection" : "Things_KBPrinterSetupThing",
                "TargetArea" : "Data",
                "TargetId" : "GetStationsDeletedByPrinter",
                "TargetSection" : "Things_KBPrinterSetupThing"
              }, {
                "Id" : "024f8960-26b8-44a4-9057-672408a05240",
                "PropertyMaps" : [ {
                  "SourceProperty" : "language",
                  "SourcePropertyBaseType" : "STRING",
                  "SourcePropertyType" : "Field",
                  "TargetProperty" : "language",
                  "TargetPropertyBaseType" : "STRING",
                  "TargetPropertyType" : "Parameter"
                } ],
                "SourceArea" : "UserExtensions",
                "SourceDetails" : "AllData",
                "SourceId" : "UserExtensions",
                "SourceSection" : "UserExtensions",
                "TargetArea" : "Data",
                "TargetId" : "GetStationsDeletedByPrinter",
                "TargetSection" : "Things_KBPrinterSetupThing"
              } ],
              "DesignTimePermissions" : { },
              "Events" : [ {
                "EventHandlerArea" : "Mashup",
                "EventHandlerId" : "mashup-root",
                "EventHandlerService" : "CloseIfPopup",
                "EventTriggerArea" : "Data",
                "EventTriggerEvent" : "ServiceInvokeCompleted",
                "EventTriggerId" : "DeletePrinter",
                "EventTriggerSection" : "Things_KBPrinterSetupThing",
                "Id" : "5b976e87-8e1b-475f-85a3-44f87be4022f"
              }, {
                "EventHandlerArea" : "UI",
                "EventHandlerId" : "ptcsconfirmation-21",
                "EventHandlerService" : "OpenConfirmation",
                "EventTriggerArea" : "UI",
                "EventTriggerEvent" : "Clicked",
                "EventTriggerId" : "ptcsbutton-13",
                "EventTriggerSection" : "",
                "Id" : "ff59ced2-9ebd-4ba6-a9d8-d3a0d6c9d8fc"
              }, {
                "EventHandlerArea" : "Data",
                "EventHandlerId" : "Things_KBPrinterSetupThing",
                "EventHandlerService" : "DeletePrinter",
                "EventTriggerArea" : "UI",
                "EventTriggerEvent" : "ActionClick",
                "EventTriggerId" : "ptcsconfirmation-21",
                "EventTriggerSection" : "",
                "Id" : "2a1608f4-eeb5-48e1-84d5-58b13a121313"
              }, {
                "EventHandlerArea" : "Data",
                "EventHandlerId" : "Things_KBPrinterSetupThing",
                "EventHandlerService" : "PrinterDeleted",
                "EventTriggerArea" : "UI",
                "EventTriggerEvent" : "ActionClick",
                "EventTriggerId" : "ptcsconfirmation-21",
                "EventTriggerSection" : "",
                "Id" : "f03b61d2-59e6-476c-b628-79b95a80a1c1"
              }, {
                "EventHandlerArea" : "UI",
                "EventHandlerId" : "statusmessage-20",
                "EventHandlerService" : "ShowMessage",
                "EventTriggerArea" : "Data",
                "EventTriggerEvent" : "ServiceInvokeCompleted",
                "EventTriggerId" : "PrinterDeleted",
                "EventTriggerSection" : "Things_KBPrinterSetupThing",
                "Id" : "7688da9f-670c-4ea9-af7a-2e4cf09e07b6"
              }, {
                "EventHandlerArea" : "Data",
                "EventHandlerId" : "Things_KBPrinterSetupThing",
                "EventHandlerService" : "GetFullPrinterNames",
                "EventTriggerArea" : "Mashup",
                "EventTriggerEvent" : "Loaded",
                "EventTriggerId" : "mashup-root",
                "EventTriggerSection" : "",
                "Id" : "67c09854-66d2-4a80-9abb-32005093dc92"
              }, {
                "EventHandlerArea" : "Data",
                "EventHandlerId" : "Things_KBPrinterSetupThing",
                "EventHandlerService" : "GetStationsDeletedByPrinter",
                "EventTriggerArea" : "Data",
                "EventTriggerEvent" : "SelectedRowsChanged",
                "EventTriggerId" : "GetFullPrinterNames",
                "EventTriggerSection" : "Things_KBPrinterSetupThing",
                "Id" : "0ea9dd45-28ff-4073-8034-a0a6fb1b630c"
              } ],
              "Reminders" : [ ],
              "RunTimePermissions" : { },
              "UI" : {
                "Properties" : {
                  "AddToDashboardButton" : "SimplePlus",
                  "AddToDashboardButtonStyle" : "DefaultAddToDashboardButtonStyle",
                  "Area" : "Mashup",
                  "BGImage" : "",
                  "BGImageRepeat" : "no-repeat",
                  "BGImageSize" : "auto",
                  "Columns" : 0,
                  "ConfigureGadgetButton" : "SimpleGear",
                  "ConfigureGadgetButtonStyle" : "DefaultConfigureGadgetButtonStyle",
                  "DisplayName" : "Mashup",
                  "EnableParameterEditing" : false,
                  "Height" : 618,
                  "Id" : "mashup-root",
                  "IgnoreWarningsInViewMashup" : false,
                  "IsPrintLayout" : false,
                  "Left" : 0,
                  "Margin" : "5",
                  "MashupResolution" : "HD 1280x720",
                  "MashupToEditGadget" : "DefaultMashupToEditGadget",
                  "MinHeight" : 0,
                  "MinWidth" : 0,
                  "ResponsiveLayout" : true,
                  "Rows" : 0,
                  "ShowDataLoading" : true,
                  "Style" : "DefaultMashupStyle",
                  "StyleProperties" : {
                    "data" : {
                      "flexcontainer-16" : {
                        "parts" : {
                          "$" : {
                            "$" : {
                              "border-radius" : "0px",
                              "border-style" : "none",
                              "border-width" : "0px"
                            }
                          }
                        },
                        "widget" : "flex-container"
                      },
                      "ptcsbutton-13" : {
                        "parts" : {
                          "$" : {
                            "$" : {
                              "background" : "#bf3030",
                              "border-color" : "#bf3030"
                            },
                            "hover" : {
                              "background" : "#bf3030",
                              "border-color" : "#bf3030"
                            },
                            "pressed" : {
                              "background" : "#bf3030",
                              "border-color" : "#bf3030"
                            }
                          },
                          "label" : {
                            "$" : {
                              "font-size" : "20px"
                            },
                            "hover" : {
                              "font-size" : "20px"
                            },
                            "pressed" : {
                              "font-size" : "20px"
                            }
                          }
                        },
                        "widget" : "ptcs-button"
                      },
                      "ptcslabel-14" : {
                        "parts" : {
                          "$" : {
                            "$" : {
                              "color" : "#bf3030",
                              "font-size" : "14px"
                            }
                          }
                        },
                        "widget" : "ptcs-label"
                      },
                      "ptcslabel-17" : {
                        "parts" : {
                          "$" : {
                            "$" : {
                              "font-size" : "26px"
                            }
                          }
                        },
                        "widget" : "ptcs-label"
                      },
                      "ptcslabel-18" : {
                        "parts" : {
                          "$" : {
                            "$" : {
                              "font-size" : "20px"
                            }
                          },
                          "text-link" : {
                            "hover" : {
                              "font-size" : "20px"
                            }
                          }
                        },
                        "widget" : "ptcs-label"
                      }
                    },
                    "meta" : {
                      "type" : "WidgetStyler",
                      "version" : "1.0"
                    }
                  },
                  "StyleTheme" : "PTC Convergence Theme",
                  "Title" : "",
                  "TitleBar" : false,
                  "TitleBarStyle" : "DefaultTitleBarStyle",
                  "TitleBarText" : "Gadget Title Here",
                  "Top" : 0,
                  "Type" : "mashup",
                  "UseMasterTheme" : false,
                  "UseTheme" : false,
                  "UseThemeForHybrids" : false,
                  "Visible" : true,
                  "Width" : 1024,
                  "Z-index" : 10,
                  "__TypeDisplayName" : "Mashup",
                  "id_index" : 23,
                  "supportsAutoResize" : true
                },
                "Widgets" : [ {
                  "Properties" : {
                    "Area" : "UI",
                    "CollapseTabIcon" : "",
                    "DisplayName" : "container-2",
                    "EnableContainerUnload" : false,
                    "EnableExpandCollapse" : false,
                    "ExpandCollapseTabLocation" : "inside",
                    "ExpandTabIcon" : "",
                    "Expanded" : true,
                    "Id" : "flexcontainer-2",
                    "LastContainer" : true,
                    "LazyLoading" : false,
                    "Margin" : "",
                    "Overlay" : false,
                    "ResponsiveLayout" : true,
                    "ShowDataLoading" : true,
                    "ShowExpandCollapseTab" : false,
                    "SourceURL" : "",
                    "Style" : "DefaultContainerStyle",
                    "StyleProperties" : { },
                    "Type" : "flexcontainer",
                    "UseTheme" : true,
                    "Visible" : true,
                    "Z-index" : 10,
                    "__TypeDisplayName" : "Responsive Container",
                    "align-content" : "flex-start",
                    "align-items" : "center",
                    "flex-basis" : "auto",
                    "flex-direction" : "column",
                    "flex-grow" : 1,
                    "flex-max-height" : "",
                    "flex-max-width" : "",
                    "flex-min-height" : "",
                    "flex-min-width" : "",
                    "flex-shrink" : 1,
                    "flex-size" : "default",
                    "flex-wrap" : "nowrap",
                    "iconClass" : "widgets-flexcontainer",
                    "isLocked" : false,
                    "justify-content" : "space-around",
                    "positioning" : "static",
                    "userCannotRemove" : true
                  },
                  "Widgets" : [ {
                    "Properties" : {
                      "Area" : "UI",
                      "CollapseTabIcon" : "",
                      "DisplayName" : "container-16",
                      "EnableContainerUnload" : false,
                      "EnableExpandCollapse" : false,
                      "ExpandCollapseTabLocation" : "inside",
                      "ExpandTabIcon" : "",
                      "Expanded" : true,
                      "Id" : "flexcontainer-16",
                      "LastContainer" : false,
                      "LazyLoading" : false,
                      "Margin" : "",
                      "Overlay" : false,
                      "ResponsiveLayout" : false,
                      "ShowDataLoading" : true,
                      "ShowExpandCollapseTab" : false,
                      "SourceURL" : "",
                      "Style" : "DefaultContainerStyle",
                      "StyleProperties" : { },
                      "Type" : "flexcontainer",
                      "UseTheme" : true,
                      "Visible" : true,
                      "Z-index" : 10,
                      "__TypeDisplayName" : "Responsive Container",
                      "align-content" : "flex-start",
                      "align-items" : "center",
                      "flex-basis" : "auto",
                      "flex-direction" : "row",
                      "flex-grow" : 1,
                      "flex-max-height" : "80px",
                      "flex-max-width" : "",
                      "flex-min-height" : "80px",
                      "flex-min-width" : "",
                      "flex-shrink" : 1,
                      "flex-size" : "fixed",
                      "flex-wrap" : "nowrap",
                      "iconClass" : "widgets-flexcontainer-fixed",
                      "isLocked" : false,
                      "justify-content" : "center",
                      "positioning" : "responsive",
                      "userCannotRemove" : false
                    },
                    "Widgets" : [ {
                      "Properties" : {
                        "Area" : "UI",
                        "DisclosureControl" : "show-more",
                        "DisplayName" : "ptcs-label-17",
                        "HorizontalAlignment" : "left",
                        "Id" : "ptcslabel-17",
                        "LabelText" : "[[KBPrinterSationMashup.deletePrinter]]",
                        "LabelType" : "label",
                        "LastContainer" : false,
                        "Left" : 229,
                        "Margin" : "5",
                        "MultiLine" : true,
                        "PreserveWhiteSpace" : false,
                        "ResponsiveLayout" : false,
                        "ShowDataLoading" : true,
                        "Top" : 16,
                        "Type" : "ptcslabel",
                        "UseTheme" : true,
                        "VerticalAlignment" : "flex-start",
                        "Visible" : true,
                        "Z-index" : 10,
                        "__TypeDisplayName" : "Label",
                        "overflowShowLessTxt" : "[[showLess]]",
                        "overflowShowMoreTxt" : "[[showMore]]"
                      },
                      "Widgets" : [ ]
                    } ]
                  }, {
                    "Properties" : {
                      "Area" : "UI",
                      "CollapseTabIcon" : "",
                      "DisplayName" : "container-15",
                      "EnableContainerUnload" : false,
                      "EnableExpandCollapse" : false,
                      "ExpandCollapseTabLocation" : "inside",
                      "ExpandTabIcon" : "",
                      "Expanded" : true,
                      "Id" : "flexcontainer-15",
                      "LastContainer" : true,
                      "LazyLoading" : false,
                      "Margin" : "",
                      "Overlay" : false,
                      "ResponsiveLayout" : false,
                      "ShowDataLoading" : true,
                      "ShowExpandCollapseTab" : false,
                      "SourceURL" : "",
                      "Style" : "DefaultContainerStyle",
                      "StyleProperties" : { },
                      "Type" : "flexcontainer",
                      "UseTheme" : true,
                      "Visible" : true,
                      "Z-index" : 10,
                      "__TypeDisplayName" : "Responsive Container",
                      "align-content" : "flex-start",
                      "align-items" : "center",
                      "flex-basis" : "auto",
                      "flex-direction" : "row",
                      "flex-grow" : 1,
                      "flex-max-height" : "",
                      "flex-max-width" : "",
                      "flex-min-height" : "",
                      "flex-min-width" : "",
                      "flex-shrink" : 1,
                      "flex-size" : "default",
                      "flex-wrap" : "nowrap",
                      "iconClass" : "widgets-flexcontainer",
                      "isLocked" : true,
                      "justify-content" : "space-around",
                      "positioning" : "static",
                      "userCannotRemove" : false
                    },
                    "Widgets" : [ {
                      "Properties" : {
                        "Alignment" : "left",
                        "AllLabel" : "[[all]]",
                        "Area" : "UI",
                        "AutoSelectFirstRow" : false,
                        "ClearSelectedItemsLabel" : "[[clearSelectedItems]]",
                        "ClearSelectionItem" : false,
                        "ClearSelectionLabel" : "(None)",
                        "CriteriaMessage" : "",
                        "CriteriaMessageDetails" : "",
                        "Disabled" : false,
                        "DisplayField" : "name",
                        "DisplayFieldBaseType" : "STRING",
                        "DisplayName" : "ptcs-dropdown-12",
                        "FilterHintText" : "Filter",
                        "HintText" : "Select...",
                        "Id" : "ptcsdropdown-12",
                        "ItemMeta" : {
                          "type" : "text"
                        },
                        "Label" : "",
                        "LabelAlignment" : "left",
                        "LastContainer" : false,
                        "Left" : 140,
                        "ListMarginTop" : 8,
                        "Margin" : "5",
                        "MultiSelect" : false,
                        "RequiredMessage" : "A selection is required",
                        "ResponsiveLayout" : false,
                        "RowHeight" : 34,
                        "SelectAllLabel" : "[[selectAll]]",
                        "SelectedLabel" : "[[selected]]",
                        "ShowDataLoading" : true,
                        "ShowListFilter" : true,
                        "ShowValidationCriteria" : false,
                        "ShowValidationFailure" : false,
                        "ShowValidationSuccess" : false,
                        "SuccessMessage" : "",
                        "SuccessMessageDetails" : "",
                        "TabSequence" : 0,
                        "Top" : 216,
                        "Type" : "ptcsdropdown",
                        "UseTheme" : true,
                        "ValidationCriteriaIcon" : "cds:icon_info",
                        "ValidationFailureIcon" : "cds:icon_error",
                        "ValidationState" : "undefined",
                        "ValidationSuccessIcon" : "cds:icon_success",
                        "ValueField" : "name",
                        "ValueRequired" : false,
                        "Visible" : true,
                        "Width" : 500,
                        "Z-index" : 10,
                        "__TypeDisplayName" : "DropDown"
                      },
                      "Widgets" : [ ]
                    }, {
                      "Properties" : {
                        "Area" : "UI",
                        "ButtonType" : "primary",
                        "ContextID" : "",
                        "Disabled" : false,
                        "DisplayName" : "ptcs-button-13",
                        "Id" : "ptcsbutton-13",
                        "Label" : "[[KBPrinterSationMashup.deletePrinter]]",
                        "LabelAlignment" : "center",
                        "LastContainer" : false,
                        "Left" : 740,
                        "Margin" : "5",
                        "MultiLine" : false,
                        "ResponsiveLayout" : false,
                        "ShowDataLoading" : true,
                        "TabSequence" : 0,
                        "Top" : 216,
                        "Type" : "ptcsbutton",
                        "UseTheme" : true,
                        "Visible" : true,
                        "Z-index" : 10,
                        "__TypeDisplayName" : "Button"
                      },
                      "Widgets" : [ ]
                    }, {
                      "Properties" : {
                        "Area" : "UI",
                        "DisclosureControl" : "show-more",
                        "DisplayName" : "ptcs-label-18",
                        "HorizontalAlignment" : "left",
                        "Id" : "ptcslabel-18",
                        "LabelText" : "[[KBPrinterSationMashup.printer]]",
                        "LabelType" : "label",
                        "LastContainer" : false,
                        "Left" : 140,
                        "Margin" : "5",
                        "MultiLine" : true,
                        "PreserveWhiteSpace" : false,
                        "ResponsiveLayout" : false,
                        "ShowDataLoading" : true,
                        "Top" : 181,
                        "Type" : "ptcslabel",
                        "UseTheme" : true,
                        "VerticalAlignment" : "flex-start",
                        "Visible" : true,
                        "Z-index" : 10,
                        "__TypeDisplayName" : "Label",
                        "overflowShowLessTxt" : "[[showLess]]",
                        "overflowShowMoreTxt" : "[[showMore]]"
                      },
                      "Widgets" : [ ]
                    } ]
                  }, {
                    "Properties" : {
                      "Area" : "UI",
                      "CollapseTabIcon" : "",
                      "DisplayName" : "container-22",
                      "EnableContainerUnload" : false,
                      "EnableExpandCollapse" : false,
                      "ExpandCollapseTabLocation" : "inside",
                      "ExpandTabIcon" : "",
                      "Expanded" : true,
                      "Id" : "flexcontainer-22",
                      "LastContainer" : false,
                      "LazyLoading" : false,
                      "Margin" : "",
                      "Overlay" : false,
                      "ResponsiveLayout" : false,
                      "ShowDataLoading" : true,
                      "ShowExpandCollapseTab" : false,
                      "SourceURL" : "",
                      "Style" : "DefaultContainerStyle",
                      "StyleProperties" : { },
                      "Type" : "flexcontainer",
                      "UseTheme" : true,
                      "Visible" : true,
                      "Z-index" : 10,
                      "__TypeDisplayName" : "Responsive Container",
                      "align-content" : "flex-start",
                      "align-items" : "center",
                      "flex-basis" : "auto",
                      "flex-direction" : "row",
                      "flex-grow" : 1,
                      "flex-max-height" : "140px",
                      "flex-max-width" : "",
                      "flex-min-height" : "140px",
                      "flex-min-width" : "",
                      "flex-shrink" : 1,
                      "flex-size" : "fixed",
                      "flex-wrap" : "nowrap",
                      "iconClass" : "widgets-flexcontainer-fixed",
                      "isLocked" : false,
                      "justify-content" : "center",
                      "positioning" : "static",
                      "userCannotRemove" : false
                    },
                    "Widgets" : [ {
                      "Properties" : {
                        "Area" : "UI",
                        "DisclosureControl" : "show-more",
                        "DisplayName" : "ptcs-label-14",
                        "HorizontalAlignment" : "left",
                        "Id" : "ptcslabel-14",
                        "LabelText" : "",
                        "LabelType" : "label",
                        "LastContainer" : false,
                        "Left" : 40,
                        "Margin" : "5",
                        "MultiLine" : true,
                        "PreserveWhiteSpace" : false,
                        "ResponsiveLayout" : false,
                        "ShowDataLoading" : true,
                        "Top" : 39,
                        "Type" : "ptcslabel",
                        "UseTheme" : true,
                        "VerticalAlignment" : "flex-start",
                        "Visible" : true,
                        "Z-index" : 10,
                        "__TypeDisplayName" : "Label",
                        "overflowShowLessTxt" : "[[showLess]]",
                        "overflowShowMoreTxt" : "[[showMore]]"
                      },
                      "Widgets" : [ ]
                    } ]
                  } ]
                }, {
                  "Properties" : {
                    "Area" : "UI",
                    "DisplayName" : "DeletedSuccessfully",
                    "Height" : 28,
                    "Id" : "statusmessage-20",
                    "LastContainer" : false,
                    "Left" : null,
                    "Margin" : "5",
                    "Message" : "",
                    "MessageType" : "info",
                    "ResponsiveLayout" : false,
                    "ShowDataLoading" : true,
                    "Top" : null,
                    "Type" : "statusmessage",
                    "Visible" : true,
                    "Width" : 200,
                    "Z-index" : 10,
                    "__TypeDisplayName" : "Status Message"
                  },
                  "Widgets" : [ ]
                }, {
                  "Properties" : {
                    "ActionButtonLabel" : "Yes",
                    "ActionButtonPosition" : "left",
                    "ActionButtonTooltipField" : "",
                    "ActionButtonType" : "primary",
                    "ActionPosition" : "left",
                    "Area" : "UI",
                    "CancelButtonLabel" : "No",
                    "CancelButtonTooltipField" : "",
                    "CloseButtonTooltipField" : "close",
                    "ConfHeight" : "260px",
                    "ConfWidth" : "600px",
                    "DialogHeight" : "260",
                    "DialogWidth" : "400",
                    "DisplayCloseButton" : false,
                    "DisplayName" : "DeleteConfirmation",
                    "DisplaySecondaryAction" : false,
                    "Id" : "ptcsconfirmation-21",
                    "LastContainer" : false,
                    "Left" : null,
                    "Margin" : "5",
                    "MessageText" : "Are you sure, you want to delete?",
                    "Mode" : "closed",
                    "PrimaryButtonStyle" : "primary",
                    "ResponsiveLayout" : false,
                    "SecondButtonLabel" : "Action",
                    "SecondButtonTooltipField" : "",
                    "ShowDataLoading" : true,
                    "TitleText" : "Delete Confirmation",
                    "Top" : null,
                    "Type" : "ptcsconfirmation",
                    "UseTheme" : true,
                    "Visible" : true,
                    "Z-index" : 10,
                    "__TypeDisplayName" : "Confirmation"
                  },
                  "Widgets" : [ ]
                }, {
                  "Properties" : {
                    "Area" : "UI",
                    "AutoEvaluate" : true,
                    "DisplayName" : "DeletePrinter",
                    "Expression" : "if(data !== undefined && data !== '' && data !== null){\n    Output = false;\n} else {\n  Output = true;  \n}",
                    "Height" : 28,
                    "Id" : "validator2-23",
                    "LastContainer" : false,
                    "Left" : null,
                    "Margin" : "5",
                    "Output" : true,
                    "ResponsiveLayout" : false,
                    "ShowDataLoading" : true,
                    "Top" : null,
                    "Type" : "validator2",
                    "Visible" : true,
                    "Width" : 200,
                    "Z-index" : 10,
                    "__TypeDisplayName" : "Validator",
                    "_currentParameterDefs" : [ {
                      "BaseType" : "STRING",
                      "Description" : "",
                      "ParameterName" : "data",
                      "bindingDirection" : "Target",
                      "bindingType" : "Property",
                      "isBindingSource" : false,
                      "isBindingTarget" : true,
                      "shown" : true
                    } ]
                  },
                  "Widgets" : [ ]
                } ]
              },
              "mashupType" : "mashup"
            }
            ]]>
            </mashupContent>
            <preview></preview>
        </Mashup>
    </Mashups>
</Entities>
